movie_id,category_id,nomination_number,won
1,1,1,0
2,1,1,0
2,4,1,0
3,1,1,0
4,1,1,1
4,2,1,0
4,4,1,0
5,1,1,0
6,2,1,1
6,4,1,1
6,4,2,0
7,2,1,0
7,3,1,0
8,2,1,0
9,2,1,0
9,3,1,0
10,3,1,0
11,3,1,1
12,3,1,0
13,4,1,0
14,5,1,0
14,14,1,0
15,5,1,0
16,5,1,1
16,15,1,1
16,16,1,0
16,20,1,0
16,22,1,0
17,6,1,1
17,8,1,1
17,21,1,0
18,6,1,0
18,21,1,0
19,6,1,0
19,7,1,1
19,14,1,0
19,16,1,0
19,19,1,1
19,20,1,1
19,21,1,1
19,22,1,0
20,6,1,0
20,7,1,0
20,8,1,0
20,9,1,1
20,12,1,0
20,14,1,0
20,16,1,1
20,19,1,0
20,22,1,1
21,6,1,0
21,7,1,0
21,8,1,0
21,9,1,0
21,16,1,0
21,19,1,0
21,20,1,0
21,22,1,0
22,7,1,0
22,9,1,0
22,12,1,0
22,16,1,0
23,7,1,0
23,9,1,0
23,12,1,1
23,14,1,1
23,16,1,0
23,19,1,0
23,22,1,1
24,8,1,0
25,8,1,0
26,9,1,0
26,12,1,0
26,16,1,0
26,22,1,0
27,10,1,0
28,10,1,0
29,10,1,1
30,10,1,0
31,10,1,0
32,11,1,0
33,11,1,0
34,11,1,1
35,11,1,0
36,11,1,0
37,12,1,0
37,14,1,0
37,15,1,0
37,16,1,0
37,22,1,0
38,13,1,0
39,13,1,0
40,13,1,1
41,15,1,0
42,15,1,0
43,16,1,0
43,22,1,0
44,16,1,0
44,22,1,0
45,17,1,0
46,17,1,0
47,17,1,0
48,17,1,1
49,17,1,0
50,18,1,0
51,18,1,0
52,18,1,1
53,18,1,0
54,18,1,0
55,19,1,0
56,20,1,0
57,20,1,0
58,21,1,0
59,21,1,0
60,22,1,0
61,1,1,1
61,4,1,0
62,1,1,0
62,4,1,0
62,4,2,0
63,1,1,0
64,1,1,0
64,2,1,0
65,1,1,0
66,2,1,0
67,2,1,0
67,3,1,0
68,2,1,0
69,2,1,1
70,3,1,1
71,3,1,0
72,3,1,0
72,4,1,1
73,3,1,0
74,4,1,0
75,5,1,0
76,5,1,0
76,14,1,0
77,5,1,0
77,15,1,0
77,15,2,0
78,5,1,0
79,5,1,1
79,14,1,1
79,16,1,0
79,20,1,0
79,22,1,0
80,6,1,1
80,7,1,1
80,9,1,0
80,12,1,0
80,14,1,0
80,16,1,0
80,19,1,0
80,20,1,0
80,21,1,1
81,6,1,0
81,8,1,0
82,6,1,0
82,8,1,0
82,15,1,0
83,6,1,0
83,14,1,0
84,6,1,0
84,8,1,1
84,13,1,0
85,7,1,0
86,7,1,0
86,9,1,1
86,12,1,1
86,14,1,0
86,16,1,1
86,19,1,1
86,20,1,1
86,22,1,1
87,7,1,0
87,9,1,0
87,12,1,0
87,16,1,0
87,19,1,0
87,20,1,0
87,22,1,0
88,7,1,0
89,8,1,0
90,8,1,0
91,9,1,0
91,12,1,0
91,16,1,0
91,22,1,1
92,9,1,0
92,16,1,0
92,22,1,0
93,10,1,0
94,10,1,1
95,10,1,0
96,10,1,0
97,10,1,0
98,11,1,0
99,11,1,0
100,11,1,0
101,11,1,1
102,11,1,0
103,12,1,0
103,16,1,0
103,21,1,0
103,22,1,0
104,13,1,0
105,13,1,1
105,19,1,0
105,20,1,0
105,21,1,0
106,15,1,0
107,15,1,1
108,16,1,0
109,16,1,0
109,22,1,0
110,16,1,0
110,22,1,0
111,17,1,0
112,17,1,0
113,17,1,0
114,17,1,1
115,17,1,0
116,18,1,0
117,18,1,0
118,18,1,0
119,18,1,0
120,18,1,1
121,19,1,0
122,22,1,0
123,22,1,0
124,1,1,0
125,1,1,0
126,1,1,1
126,2,1,0
127,1,1,0
127,4,1,0
128,1,1,0
128,4,1,0
129,2,1,0
130,2,1,0
130,3,1,0
130,4,1,0
130,4,2,0
131,2,1,1
132,2,1,0
133,3,1,0
134,3,1,0
135,3,1,0
136,3,1,1
137,4,1,1
138,5,1,0
139,5,1,0
140,5,1,1
140,14,1,0
140,15,1,0
140,19,1,0
140,20,1,0
140,22,1,0
141,6,1,0
141,7,1,0
142,6,1,1
142,7,1,0
142,8,1,0
142,9,1,0
142,12,1,0
142,13,1,1
142,14,1,0
142,16,1,0
142,19,1,0
142,21,1,1
142,22,1,0
143,6,1,0
143,7,1,0
143,12,1,0
143,13,1,0
143,19,1,0
143,20,1,1
143,21,1,0
144,6,1,0
144,8,1,1
145,6,1,0
145,8,1,0
146,7,1,0
146,9,1,0
146,16,1,0
146,22,1,0
147,7,1,1
147,9,1,1
147,12,1,1
147,14,1,1
147,15,1,0
147,15,2,1
147,16,1,1
147,19,1,1
147,20,1,0
147,22,1,1
148,8,1,0
149,8,1,0
149,9,1,0
149,12,1,0
149,14,1,0
149,16,1,0
149,22,1,1
150,9,1,0
150,12,1,0
150,16,1,0
150,22,1,0
151,10,1,0
152,10,1,0
153,10,1,0
154,10,1,1
155,10,1,0
156,11,1,0
157,11,1,0
158,11,1,1
159,11,1,0
160,13,1,0
161,14,1,0
162,17,1,1
163,17,1,0
164,17,1,0
165,17,1,0
166,17,1,0
167,18,1,0
168,18,1,0
169,18,1,0
170,18,1,0
171,18,1,1
172,19,1,0
172,20,1,0
173,20,1,0
173,21,1,0
174,22,1,0
175,22,1,0
176,22,1,0
177,22,1,0
178,1,1,0
178,2,1,0
178,4,1,1
179,1,1,1
180,1,1,0
181,1,1,0
182,1,1,0
183,2,1,0
184,2,1,1
185,2,1,0
186,2,1,0
187,3,1,0
188,3,1,0
189,3,1,1
190,3,1,0
191,3,1,0
192,4,1,0
193,4,1,0
194,4,1,0
195,4,1,0
196,5,1,0
197,5,1,1
197,14,1,0
197,19,1,0
197,20,1,0
197,22,1,0
198,5,1,0
199,6,1,0
200,6,1,0
200,7,1,0
200,8,1,0
200,14,1,1
200,16,1,0
200,22,1,0
201,6,1,0
201,21,1,1
202,6,1,1
202,8,1,0
203,6,1,0
203,7,1,1
203,9,1,0
203,12,1,0
203,16,1,0
203,20,1,0
203,22,1,0
204,7,1,0
205,7,1,0
205,9,1,0
205,12,1,0
205,22,1,0
206,7,1,0
206,9,1,1
206,12,1,0
206,16,1,1
206,19,1,0
206,20,1,0
206,22,1,1
207,8,1,0
208,8,1,1
209,8,1,0
209,13,1,1
210,9,1,0
210,16,1,0
210,22,1,1
211,9,1,0
211,14,1,0
211,16,1,0
211,22,1,0
212,10,1,0
213,10,1,0
214,10,1,0
215,10,1,1
216,10,1,0
217,11,1,1
218,11,1,0
219,11,1,0
220,11,1,0
221,12,1,1
221,19,1,1
221,20,1,1
222,12,1,0
223,13,1,0
224,13,1,0
224,21,1,0
225,14,1,0
226,14,1,0
226,19,1,0
227,15,1,1
228,15,1,0
228,15,2,0
228,15,3,0
229,15,1,0
230,17,1,0
231,17,1,0
232,17,1,0
233,17,1,0
234,17,1,1
235,18,1,0
236,18,1,0
237,18,1,1
238,18,1,0
239,18,1,0
240,19,1,0
240,20,1,0
240,21,1,0
241,22,1,0
242,22,1,0
243,22,1,0
244,1,1,0
244,2,1,0
245,1,1,0
246,1,1,0
247,1,1,0
248,1,1,1
249,2,1,1
249,4,1,0
250,2,1,0
250,3,1,0
251,2,1,0
251,4,1,1
252,2,1,0
253,3,1,0
254,3,1,0
254,4,1,0
255,3,1,1
256,3,1,0
257,4,1,0
257,4,2,0
258,5,1,0
258,15,1,0
259,5,1,1
260,5,1,0
261,6,1,0
261,8,1,0
261,15,1,0
261,15,2,0
261,15,3,0
261,19,1,1
262,6,1,0
263,6,1,1
263,7,1,1
263,13,1,1
263,14,1,0
263,22,1,0
264,6,1,0
264,19,1,0
264,20,1,0
264,21,1,1
265,6,1,0
265,7,1,0
266,7,1,0
267,7,1,0
267,12,1,0
267,22,1,0
268,7,1,0
269,8,1,0
270,8,1,0
271,8,1,1
272,8,1,0
272,9,1,0
272,14,1,0
272,16,1,0
272,22,1,0
273,9,1,0
273,12,1,0
273,14,1,1
273,16,1,0
273,22,1,0
274,9,1,1
274,12,1,1
274,16,1,1
274,22,1,1
275,9,1,0
275,16,1,0
275,20,1,1
275,22,1,0
276,9,1,0
276,12,1,0
277,10,1,0
278,10,1,1
278,15,1,1
279,10,1,0
280,10,1,0
281,10,1,0
282,11,1,1
283,11,1,0
284,11,1,0
285,11,1,0
286,12,1,0
286,19,1,0
286,20,1,0
287,13,1,0
287,19,1,0
287,20,1,0
288,13,1,0
289,14,1,0
290,14,1,0
290,22,1,0
291,16,1,0
291,22,1,1
292,17,1,1
293,17,1,0
294,17,1,0
295,17,1,0
296,17,1,0
297,18,1,0
298,18,1,0
299,18,1,0
300,18,1,0
301,18,1,1
302,19,1,0
302,20,1,0
303,21,1,0
304,21,1,0
305,22,1,0
306,22,1,0
307,1,1,1
307,4,1,0
308,1,1,0
309,1,1,0
309,2,1,0
309,4,1,0
310,1,1,0
310,3,1,1
311,1,1,0
312,2,1,1
313,2,1,0
314,2,1,0
315,2,1,0
316,3,1,0
317,3,1,0
318,3,1,0
319,3,1,0
319,4,1,0
320,4,1,0
321,4,1,1
322,5,1,0
323,5,1,0
324,5,1,1
325,6,1,0
325,7,1,0
325,9,1,0
325,16,1,0
325,22,1,0
326,6,1,0
327,6,1,0
327,19,1,1
327,20,1,1
327,21,1,1
328,6,1,1
328,7,1,1
328,8,1,1
328,14,1,0
328,19,1,0
328,20,1,0
329,6,1,0
329,8,1,0
329,14,1,0
330,7,1,0
331,7,1,0
331,9,1,1
331,14,1,1
331,16,1,0
331,22,1,1
332,7,1,0
333,8,1,0
334,8,1,0
335,8,1,0
335,12,1,0
335,19,1,0
336,9,1,0
336,16,1,0
336,22,1,0
337,9,1,0
337,12,1,1
337,15,1,0
337,16,1,1
337,22,1,1
338,9,1,0
338,12,1,0
338,14,1,0
338,16,1,0
338,22,1,0
339,10,1,0
340,10,1,0
341,10,1,1
342,10,1,0
343,10,1,0
344,11,1,0
345,11,1,0
346,11,1,0
347,11,1,1
348,12,1,0
348,13,1,0
349,12,1,0
349,14,1,0
349,22,1,0
350,13,1,1
350,19,1,0
350,21,1,0
351,13,1,0
352,15,1,1
353,15,1,0
354,17,1,0
355,17,1,1
356,17,1,0
357,17,1,0
358,17,1,0
359,18,1,0
360,18,1,0
361,18,1,0
362,18,1,0
363,18,1,1
364,19,1,0
364,20,1,0
364,21,1,0
365,22,1,0
366,22,1,0
367,22,1,0
368,22,1,0
369,1,1,0
369,4,1,0
370,1,1,0
371,1,1,0
371,2,1,0
371,4,1,1
372,1,1,0
372,2,1,1
372,3,1,1
373,1,1,1
374,2,1,0
374,4,1,0
375,2,1,0
376,2,1,0
376,4,1,0
377,3,1,0
378,3,1,0
379,3,1,0
380,3,1,0
381,4,1,0
382,5,1,1
382,19,1,0
382,20,1,1
382,22,1,0
383,5,1,0
384,5,1,0
384,15,1,0
385,6,1,1
385,7,1,1
385,8,1,1
385,9,1,0
385,12,1,1
385,16,1,0
385,19,1,0
385,22,1,0
386,6,1,0
386,8,1,0
386,12,1,0
386,14,1,1
386,16,1,0
386,22,1,0
387,6,1,0
387,8,1,0
387,13,1,1
387,14,1,0
388,6,1,0
388,7,1,0
388,15,1,0
389,6,1,0
389,7,1,0
390,7,1,0
391,7,1,0
391,13,1,0
391,14,1,0
392,8,1,0
392,9,1,0
392,12,1,0
392,16,1,0
392,19,1,1
393,8,1,0
394,9,1,1
394,12,1,0
394,16,1,1
394,22,1,0
395,9,1,0
395,16,1,0
395,22,1,1
396,9,1,0
396,22,1,0
397,10,1,1
398,10,1,0
399,10,1,0
400,10,1,0
401,10,1,0
402,11,1,0
403,11,1,0
404,11,1,0
405,11,1,1
406,11,1,0
407,12,1,0
408,13,1,0
409,14,1,0
409,21,1,0
410,14,1,0
411,15,1,1
411,22,1,0
412,15,1,0
412,19,1,0
412,20,1,0
413,15,1,0
414,17,1,0
415,17,1,0
416,17,1,0
417,17,1,0
418,17,1,1
419,18,1,0
420,18,1,0
421,18,1,0
422,18,1,0
423,18,1,1
424,19,1,0
424,20,1,0
424,21,1,1
425,21,1,0
426,22,1,0
427,22,1,1
428,22,1,0
429,1,1,0
430,1,1,0
430,4,1,0
431,1,1,0
431,4,1,1
432,1,1,0
433,1,1,1
433,2,1,1
433,4,1,0
434,2,1,0
435,2,1,0
435,3,1,0
436,2,1,0
436,3,1,0
437,2,1,0
438,3,1,0
439,3,1,0
440,3,1,1
441,4,1,0
442,4,1,0
443,5,1,0
444,5,1,1
444,14,1,0
444,20,1,0
444,22,1,0
445,5,1,0
445,15,1,0
446,6,1,0
446,7,1,0
446,8,1,0
447,6,1,0
447,8,1,0
447,19,1,0
448,6,1,1
448,8,1,1
448,9,1,1
448,12,1,1
448,13,1,1
448,14,1,1
448,15,1,1
448,16,1,1
448,19,1,1
448,21,1,1
448,22,1,1
449,6,1,0
449,7,1,1
449,8,1,0
449,9,1,0
449,12,1,0
449,13,1,0
449,16,1,0
449,19,1,0
449,20,1,1
449,21,1,0
450,6,1,0
450,7,1,0
450,8,1,0
450,12,1,0
450,16,1,0
450,19,1,0
450,22,1,0
451,7,1,0
451,9,1,0
451,12,1,0
451,22,1,0
452,7,1,0
452,12,1,0
452,14,1,0
452,15,1,0
452,15,2,0
453,9,1,0
453,16,1,0
453,22,1,1
454,9,1,0
454,16,1,0
454,22,1,0
455,10,1,0
456,10,1,0
457,10,1,1
458,10,1,0
459,10,1,0
460,11,1,0
461,11,1,1
462,11,1,0
463,13,1,0
463,19,1,0
463,20,1,0
463,21,1,0
464,14,1,0
465,14,1,0
466,15,1,0
467,17,1,0
468,17,1,0
469,17,1,0
470,17,1,1
471,17,1,0
472,18,1,0
473,18,1,0
474,18,1,0
475,18,1,0
476,18,1,1
477,22,1,0
478,22,1,0
479,22,1,0
480,22,1,0
481,1,1,1
482,1,1,0
482,2,1,1
482,4,1,0
483,1,1,0
484,1,1,0
485,1,1,0
485,4,1,0
486,2,1,0
486,3,1,1
486,4,1,0
487,2,1,0
488,2,1,0
488,3,1,0
488,4,1,1
488,4,2,0
489,2,1,0
490,3,1,0
491,3,1,0
492,3,1,0
493,5,1,0
494,5,1,0
495,5,1,0
496,5,1,1
497,5,1,0
498,6,1,1
498,7,1,0
498,8,1,1
498,9,1,0
498,12,1,1
498,15,1,0
498,16,1,1
498,19,1,1
498,22,1,0
499,6,1,0
499,8,1,0
499,13,1,1
499,14,1,1
499,15,1,0
500,6,1,0
500,7,1,0
500,8,1,0
500,9,1,0
500,12,1,0
500,15,1,0
500,16,1,0
500,19,1,0
500,22,1,0
501,6,1,0
501,12,1,0
501,16,1,0
501,19,1,0
501,20,1,1
501,21,1,1
502,6,1,0
502,7,1,1
502,14,1,0
502,19,1,0
502,20,1,0
503,7,1,0
503,14,1,0
503,22,1,0
504,7,1,0
504,8,1,0
504,9,1,1
504,12,1,0
504,16,1,0
504,22,1,1
505,8,1,0
505,9,1,0
505,12,1,0
505,14,1,0
505,16,1,0
505,22,1,0
506,9,1,0
506,22,1,1
507,10,1,1
508,10,1,0
509,10,1,0
510,10,1,0
511,10,1,0
512,11,1,0
513,11,1,0
514,11,1,1
515,11,1,0
516,13,1,0
517,14,1,0
518,15,1,0
519,15,1,1
520,17,1,0
521,17,1,1
522,17,1,0
523,17,1,0
524,17,1,0
525,18,1,0
526,18,1,0
527,18,1,0
528,18,1,0
529,18,1,1
530,19,1,0
530,21,1,0
531,20,1,0
532,21,1,0
533,22,1,0
534,22,1,0
535,22,1,0
536,22,1,0
537,1,1,0
537,4,1,1
538,1,1,0
539,1,1,0
539,2,1,0
540,1,1,1
540,2,1,0
541,1,1,0
541,3,1,0
541,4,1,0
542,2,1,1
542,3,1,0
542,4,1,0
543,2,1,0
544,2,1,0
545,3,1,1
546,3,1,0
547,3,1,0
548,4,1,0
548,4,2,0
549,5,1,0
550,5,1,0
550,14,1,0
550,15,1,1
550,20,1,0
551,5,1,1
551,22,1,0
552,6,1,0
552,7,1,0
552,19,1,0
552,22,1,0
553,6,1,0
553,8,1,0
553,9,1,0
553,16,1,0
553,22,1,1
554,6,1,0
554,8,1,0
554,14,1,0
555,6,1,0
555,7,1,1
555,8,1,0
555,9,1,0
555,12,1,0
555,13,1,1
555,14,1,1
555,15,1,0
555,16,1,0
555,19,1,0
555,21,1,1
555,22,1,0
556,6,1,1
556,7,1,0
556,8,1,1
556,12,1,0
556,13,1,0
556,16,1,0
556,19,1,0
557,7,1,0
557,9,1,0
557,12,1,1
557,19,1,1
558,7,1,0
559,8,1,0
560,9,1,1
560,12,1,0
560,13,1,0
560,14,1,0
560,16,1,1
560,22,1,1
561,9,1,0
562,10,1,0
563,10,1,0
564,10,1,1
565,10,1,0
566,10,1,0
567,11,1,0
568,11,1,0
569,11,1,1
570,12,1,0
570,22,1,0
571,14,1,0
571,21,1,0
572,15,1,0
572,19,1,0
572,20,1,1
572,21,1,0
573,15,1,0
574,15,1,0
575,16,1,0
575,22,1,0
576,17,1,0
577,17,1,1
578,17,1,0
579,17,1,0
580,17,1,0
581,18,1,1
582,18,1,0
583,18,1,0
584,18,1,0
585,18,1,0
586,22,1,0
587,22,1,0
588,22,1,0
589,1,1,0
590,1,1,1
590,2,1,0
591,1,1,0
592,1,1,0
592,4,1,1
593,1,1,0
594,2,1,0
594,3,1,0
595,2,1,0
596,2,1,1
597,2,1,0
597,3,1,1
598,3,1,0
598,4,1,0
599,3,1,0
600,3,1,0
601,4,1,0
601,4,2,0
602,4,1,0
603,6,1,1
603,7,1,1
603,8,1,0
603,9,1,0
603,12,1,0
603,14,1,1
603,15,1,0
603,16,1,0
603,22,1,0
604,6,1,0
604,8,1,0
604,13,1,1
605,6,1,0
605,7,1,0
605,8,1,1
605,9,1,0
605,12,1,0
605,14,1,0
605,16,1,1
605,19,1,1
605,21,1,1
605,22,1,0
606,6,1,0
606,8,1,0
607,6,1,0
608,7,1,0
608,14,1,0
609,7,1,0
609,22,1,0
610,7,1,0
610,14,1,0
610,19,1,0
611,8,1,0
612,9,1,0
612,22,1,0
613,9,1,0
613,16,1,0
613,22,1,0
614,9,1,1
614,12,1,1
614,16,1,0
614,22,1,1
615,10,1,1
616,10,1,0
617,10,1,0
618,10,1,0
619,10,1,0
620,11,1,1
621,11,1,0
622,11,1,0
623,11,1,0
624,11,1,0
625,12,1,0
625,22,1,1
626,12,1,0
626,15,1,1
626,22,1,0
627,13,1,0
628,13,1,0
629,14,1,0
629,16,1,0
629,22,1,0
630,15,1,0
631,15,1,0
632,15,1,0
633,17,1,1
634,17,1,0
635,17,1,0
636,18,1,0
637,18,1,0
638,18,1,1
639,18,1,0
640,18,1,0
641,19,1,0
642,19,1,0
642,21,1,0
643,19,1,0
643,20,1,1
644,20,1,0
645,21,1,0
646,22,1,0
647,1,1,0
648,1,1,0
649,1,1,0
649,4,1,0
650,1,1,1
650,3,1,0
651,1,1,0
652,2,1,1
653,2,1,0
654,2,1,0
655,2,1,0
656,2,1,0
656,4,1,0
657,3,1,0
658,3,1,0
659,3,1,0
660,3,1,1
660,4,1,0
661,4,1,1
662,4,1,0
663,6,1,0
663,8,1,0
664,6,1,0
664,9,1,0
664,12,1,0
664,14,1,0
664,16,1,0
664,22,1,1
665,6,1,1
665,7,1,0
665,8,1,0
666,6,1,0
666,8,1,0
666,14,1,0
666,22,1,0
667,6,1,0
667,8,1,1
667,13,1,1
667,22,1,0
668,7,1,1
668,9,1,1
668,12,1,0
668,14,1,0
668,16,1,1
668,22,1,1
669,7,1,0
670,7,1,0
670,9,1,0
670,12,1,0
670,16,1,0
670,19,1,0
670,22,1,0
671,7,1,0
672,8,1,0
673,9,1,0
673,22,1,0
674,9,1,0
674,12,1,0
674,16,1,0
674,22,1,0
675,10,1,0
676,10,1,0
677,10,1,0
678,10,1,1
679,10,1,0
680,11,1,0
681,11,1,1
682,11,1,0
683,12,1,1
683,19,1,1
683,20,1,1
683,21,1,1
684,13,1,0
685,13,1,0
686,13,1,0
687,14,1,0
688,14,1,1
689,15,1,0
690,15,1,0
691,15,1,0
691,22,1,0
692,15,1,0
693,15,1,1
694,16,1,0
694,19,1,0
694,22,1,0
695,17,1,0
696,17,1,0
697,17,1,1
698,17,1,0
699,17,1,0
700,18,1,0
701,18,1,0
702,18,1,0
703,18,1,0
704,18,1,1
705,19,1,0
706,19,1,0
706,20,1,0
706,21,1,0
707,20,1,0
708,21,1,0
709,22,1,0
710,1,1,1
711,1,1,0
712,1,1,0
712,4,1,0
713,1,1,0
713,2,1,1
714,1,1,0
715,2,1,0
716,2,1,0
717,2,1,0
717,3,1,1
717,4,1,1
718,2,1,0
719,3,1,0
720,3,1,0
721,3,1,0
722,3,1,0
722,4,1,0
723,4,1,0
724,4,1,0
725,6,1,0
725,7,1,0
725,8,1,0
725,13,1,1
725,14,1,0
725,16,1,0
726,6,1,0
726,8,1,0
726,14,1,0
727,6,1,0
727,7,1,1
727,9,1,1
727,12,1,1
727,13,1,0
727,14,1,0
727,16,1,0
727,19,1,1
727,20,1,1
727,22,1,0
728,6,1,1
728,7,1,0
728,8,1,1
728,9,1,0
728,12,1,0
728,13,1,0
728,14,1,1
728,16,1,1
728,19,1,0
728,22,1,1
729,6,1,0
729,21,1,1
730,7,1,0
731,7,1,0
731,9,1,0
731,12,1,0
731,14,1,0
731,16,1,0
731,19,1,0
731,22,1,0
732,8,1,0
733,8,1,0
734,9,1,0
734,12,1,0
734,14,1,1
734,16,1,0
734,22,1,0
735,9,1,0
735,22,1,0
736,10,1,0
737,10,1,0
738,10,1,1
739,10,1,0
740,10,1,0
741,11,1,1
742,11,1,0
743,11,1,0
744,12,1,0
744,22,1,0
745,14,1,0
746,14,1,0
747,14,1,0
748,14,1,0
748,15,1,1
749,15,1,0
749,19,1,0
749,20,1,0
749,21,1,0
750,15,1,0
751,15,1,0
752,15,1,0
753,17,1,1
754,17,1,0
755,17,1,0
756,17,1,0
757,17,1,0
758,18,1,0
759,18,1,1
760,18,1,0
761,18,1,0
762,18,1,0
763,19,1,0
763,20,1,0
764,21,1,0
765,22,1,1
766,22,1,0
767,22,1,0
768,22,1,0
769,1,1,0
769,2,1,1
769,4,1,0
770,1,1,0
771,1,1,0
772,1,1,0
773,1,1,1
773,2,1,0
773,3,1,1
774,2,1,0
775,2,1,0
776,2,1,0
776,4,1,0
777,3,1,0
778,3,1,0
779,3,1,0
780,3,1,0
780,4,1,0
781,4,1,1
782,4,1,0
783,6,1,0
784,6,1,0
784,7,1,0
784,8,1,0
784,14,1,0
785,6,1,0
785,7,1,0
785,9,1,0
785,12,1,0
785,14,1,0
785,16,1,0
785,19,1,0
785,22,1,1
786,6,1,0
786,13,1,1
786,14,1,0
787,6,1,1
787,7,1,1
787,8,1,1
787,9,1,1
787,12,1,1
787,13,1,0
787,14,1,1
787,15,1,1
787,16,1,1
787,19,1,1
787,20,1,1
787,21,1,1
788,7,1,0
788,8,1,0
788,14,1,0
789,7,1,0
789,8,1,0
789,22,1,0
790,8,1,0
791,9,1,0
791,14,1,1
791,16,1,0
791,22,1,0
792,9,1,0
792,12,1,0
792,14,1,0
792,15,1,0
792,16,1,0
792,22,1,1
793,9,1,0
793,22,1,0
794,10,1,0
795,10,1,0
796,10,1,0
797,10,1,1
798,10,1,0
799,11,1,0
800,11,1,0
801,11,1,0
802,11,1,0
803,11,1,1
804,12,1,0
804,19,1,0
805,12,1,0
805,14,1,0
805,16,1,0
805,22,1,0
806,13,1,0
807,14,1,0
807,15,1,0
808,14,1,0
809,15,1,0
810,15,1,0
810,19,1,0
811,17,1,0
812,17,1,1
813,17,1,0
814,17,1,0
815,17,1,0
816,18,1,0
817,18,1,0
818,18,1,0
819,18,1,1
820,18,1,0
821,19,1,0
822,20,1,0
823,20,1,0
824,21,1,0
825,21,1,0
826,22,1,0
827,22,1,0
828,22,1,0
829,22,1,0
830,1,1,0
830,2,1,1
831,1,1,0
831,3,1,0
831,4,1,1
832,1,1,0
833,1,1,1
833,2,1,0
834,1,1,0
835,2,1,0
835,3,1,1
836,2,1,0
837,2,1,0
838,3,1,0
838,4,1,0
839,3,1,0
840,3,1,0
841,4,1,0
842,4,1,0
843,4,1,0
844,6,1,0
845,6,1,1
845,7,1,1
845,8,1,1
845,9,1,1
845,12,1,1
845,14,1,1
845,16,1,1
845,19,1,1
845,22,1,0
846,6,1,0
846,7,1,0
846,12,1,0
846,15,1,1
846,19,1,0
847,6,1,0
847,8,1,0
847,14,1,0
847,22,1,0
848,6,1,0
849,7,1,0
849,9,1,0
849,12,1,0
849,16,1,0
849,22,1,1
850,7,1,0
851,7,1,0
851,14,1,0
852,8,1,0
853,8,1,0
853,14,1,1
854,8,1,0
855,9,1,0
856,9,1,0
856,16,1,0
856,22,1,0
857,9,1,0
857,12,1,0
857,14,1,0
857,16,1,0
857,22,1,0
858,10,1,0
859,10,1,0
860,10,1,0
861,10,1,0
862,10,1,1
863,11,1,1
864,11,1,0
865,11,1,0
866,11,1,0
867,11,1,0
868,12,1,0
868,16,1,0
868,22,1,0
869,13,1,0
870,13,1,1
871,13,1,0
872,14,1,0
873,14,1,0
874,14,1,0
875,14,1,0
876,14,1,0
877,15,1,0
878,15,1,0
879,15,1,0
880,15,1,0
881,17,1,0
882,17,1,0
883,17,1,1
884,17,1,0
885,18,1,0
886,18,1,1
887,18,1,0
888,18,1,0
889,18,1,0
890,19,1,0
890,21,1,1
891,19,1,0
892,19,1,0
892,21,1,0
893,20,1,0
894,20,1,0
895,20,1,1
896,21,1,0
897,22,1,0
898,22,1,1
899,22,1,0
900,22,1,0
901,1,1,1
901,3,1,0
902,1,1,0
903,1,1,0
903,4,1,0
904,1,1,0
904,3,1,1
905,1,1,0
906,2,1,0
907,2,1,0
907,4,1,0
908,2,1,0
909,2,1,0
910,2,1,1
911,3,1,0
912,3,1,0
913,3,1,0
913,4,1,0
914,4,1,1
915,4,1,0
916,6,1,0
916,12,1,1
916,14,1,0
916,16,1,0
916,19,1,1
916,21,1,0
916,22,1,0
917,6,1,0
917,9,1,0
917,12,1,0
917,16,1,0
917,21,1,1
917,22,1,0
918,6,1,0
918,7,1,0
919,6,1,1
919,8,1,1
920,6,1,0
920,8,1,0
921,7,1,0
921,19,1,0
921,20,1,0
922,7,1,1
922,8,1,0
922,9,1,1
922,12,1,0
922,13,1,1
922,14,1,0
922,16,1,1
922,19,1,0
922,20,1,1
922,22,1,0
923,7,1,0
923,8,1,0
923,14,1,0
923,16,1,0
923,22,1,1
924,7,1,0
925,8,1,0
926,9,1,0
926,15,1,0
927,9,1,0
927,22,1,0
928,9,1,0
928,14,1,1
928,16,1,0
928,22,1,0
929,10,1,1
930,10,1,0
931,10,1,0
932,10,1,0
933,10,1,0
934,11,1,0
935,11,1,0
936,11,1,0
937,11,1,1
938,11,1,0
939,12,1,0
939,19,1,0
939,20,1,0
940,12,1,0
941,13,1,0
942,13,1,0
943,14,1,0
943,22,1,0
944,14,1,0
945,14,1,1
945,15,1,1
946,14,1,0
946,15,1,0
947,14,1,0
947,15,1,0
947,22,1,0
948,14,1,0
949,15,1,0
950,17,1,0
951,17,1,1
952,17,1,0
953,17,1,0
954,17,1,0
955,18,1,0
956,18,1,0
957,18,1,1
958,18,1,0
959,18,1,0
960,19,1,0
961,22,1,0
962,22,1,1
963,1,1,0
964,1,1,1
964,2,1,0
965,1,1,0
965,4,1,0
966,1,1,0
967,1,1,0
967,2,1,0
967,4,1,0
968,2,1,1
969,2,1,0
969,4,1,1
969,4,2,0
970,2,1,0
971,3,1,0
972,3,1,1
973,3,1,0
973,4,1,0
974,3,1,0
975,3,1,0
976,6,1,0
976,8,1,0
976,9,1,0
976,22,1,0
977,6,1,0
977,7,1,0
977,9,1,1
977,12,1,1
977,13,1,0
977,14,1,0
977,16,1,1
977,19,1,0
977,20,1,0
977,21,1,1
977,22,1,1
978,6,1,0
978,14,1,0
979,6,1,0
979,7,1,1
979,19,1,0
980,6,1,1
980,22,1,0
981,7,1,0
981,9,1,0
981,22,1,0
982,7,1,0
982,12,1,0
982,14,1,0
982,16,1,0
982,19,1,0
982,22,1,0
983,7,1,0
984,8,1,1
985,8,1,0
985,14,1,0
986,8,1,0
987,8,1,0
988,9,1,0
988,12,1,0
988,16,1,0
988,22,1,1
989,9,1,0
989,16,1,0
989,22,1,0
990,10,1,0
991,10,1,0
992,10,1,0
993,10,1,0
994,10,1,1
995,11,1,0
996,11,1,0
997,11,1,0
998,11,1,0
999,11,1,1
1000,12,1,0
1001,12,1,0
1001,19,1,1
1001,20,1,1
1002,13,1,1
1003,13,1,0
1004,14,1,1
1004,15,1,1
1004,15,2,0
1004,15,3,0
1005,15,1,0
1006,15,1,0
1007,16,1,0
1007,22,1,0
1008,17,1,0
1009,17,1,1
1010,17,1,0
1011,17,1,0
1012,17,1,0
1013,18,1,1
1014,18,1,0
1015,18,1,0
1016,18,1,0
1017,18,1,1
1018,19,1,0
1018,20,1,0
1019,21,1,0
1020,21,1,0
1021,22,1,0
1022,22,1,0
1023,1,1,0
1023,2,1,0
1023,4,1,0
1024,1,1,0
1024,3,1,0
1025,1,1,1
1026,1,1,0
1026,3,1,0
1027,1,1,0
1027,2,1,0
1028,2,1,0
1029,2,1,1
1030,2,1,0
1031,3,1,0
1032,3,1,1
1032,4,1,1
1033,3,1,0
1034,4,1,0
1035,4,1,0
1036,4,1,0
1037,6,1,0
1038,6,1,0
1038,8,1,1
1038,14,1,0
1038,22,1,0
1039,6,1,0
1039,8,1,0
1040,6,1,0
1040,8,1,0
1040,9,1,0
1040,14,1,0
1040,16,1,0
1040,22,1,0
1041,6,1,1
1041,7,1,1
1041,8,1,0
1041,9,1,1
1041,12,1,1
1041,13,1,0
1041,14,1,1
1041,16,1,1
1041,19,1,0
1041,22,1,1
1042,7,1,0
1043,7,1,0
1043,12,1,0
1043,14,1,0
1043,16,1,0
1043,19,1,0
1043,20,1,0
1044,7,1,0
1044,8,1,0
1044,9,1,0
1044,12,1,0
1044,16,1,0
1044,22,1,1
1045,7,1,0
1046,9,1,0
1046,12,1,0
1046,16,1,0
1046,22,1,0
1047,9,1,0
1048,10,1,0
1049,10,1,0
1050,10,1,0
1051,10,1,1
1052,10,1,0
1053,11,1,0
1054,11,1,0
1055,11,1,1
1056,12,1,0
1056,22,1,0
1057,13,1,1
1058,13,1,0
1058,15,1,0
1058,15,2,1
1058,22,1,0
1059,14,1,0
1060,15,1,0
1061,15,1,0
1062,15,1,0
1062,22,1,0
1063,17,1,0
1064,17,1,0
1065,17,1,0
1066,17,1,0
1067,17,1,1
1068,18,1,1
1069,18,1,0
1070,18,1,0
1071,18,1,0
1072,18,1,0
1073,19,1,0
1073,20,1,0
1073,21,1,0
1074,19,1,0
1075,19,1,1
1075,20,1,1
1075,21,1,1
1076,21,1,0
1077,22,1,0
1078,22,1,0
1079,1,1,0
1080,1,1,0
1080,2,1,1
1081,1,1,1
1082,1,1,0
1082,2,1,0
1083,1,1,0
1084,2,1,0
1085,2,1,0
1086,2,1,0
1087,3,1,0
1088,3,1,0
1089,3,1,0
1090,3,1,0
1091,3,1,1
1091,4,1,0
1092,4,1,0
1093,4,1,0
1094,4,1,0
1095,4,1,1
1096,6,1,0
1096,8,1,1
1096,13,1,1
1096,20,1,1
1097,6,1,0
1097,14,1,0
1098,6,1,1
1098,7,1,0
1098,8,1,0
1098,9,1,0
1098,14,1,0
1098,16,1,0
1098,22,1,1
1099,6,1,0
1099,8,1,0
1100,6,1,0
1100,7,1,0
1100,9,1,1
1100,12,1,1
1100,16,1,1
1100,19,1,0
1100,22,1,0
1101,7,1,0
1101,13,1,0
1102,7,1,0
1103,7,1,1
1103,14,1,0
1103,22,1,0
1104,8,1,0
1104,22,1,0
1105,8,1,0
1106,9,1,0
1106,12,1,0
1106,16,1,0
1106,22,1,1
1107,9,1,0
1107,12,1,0
1107,22,1,0
1108,9,1,0
1108,16,1,0
1108,22,1,0
1109,10,1,0
1110,10,1,0
1111,10,1,0
1112,10,1,0
1113,10,1,1
1114,11,1,0
1115,11,1,0
1116,11,1,0
1117,11,1,1
1118,11,1,0
1119,12,1,0
1119,14,1,0
1120,12,1,0
1120,16,1,0
1120,19,1,0
1121,13,1,0
1121,21,1,0
1122,14,1,1
1122,15,1,1
1122,15,2,0
1122,19,1,0
1122,20,1,0
1123,15,1,0
1124,15,1,0
1124,15,2,0
1125,17,1,0
1126,17,1,1
1127,17,1,0
1128,17,1,0
1129,17,1,0
1130,18,1,0
1131,18,1,0
1132,18,1,0
1133,18,1,1
1134,18,1,0
1135,19,1,1
1136,19,1,0
1136,20,1,0
1137,21,1,0
1138,21,1,1
1139,22,1,0
1140,22,1,0
1141,22,1,0
1142,1,1,0
1142,2,1,0
1142,2,2,0
1143,1,1,0
1143,4,1,0
1144,1,1,1
1144,3,1,1
1145,1,1,0
1145,4,1,0
1146,1,1,0
1146,4,1,1
1147,2,1,0
1148,2,1,0
1149,2,1,1
1150,3,1,0
1150,3,2,0
1151,3,1,0
1151,4,1,0
1152,3,1,0
1153,4,1,0
1154,6,1,0
1154,8,1,0
1155,6,1,1
1155,7,1,0
1155,8,1,1
1155,9,1,0
1155,14,1,0
1155,16,1,0
1155,22,1,0
1156,6,1,0
1156,14,1,0
1156,22,1,0
1157,6,1,0
1157,8,1,0
1157,13,1,0
1157,15,1,0
1157,21,1,0
1158,6,1,0
1158,7,1,0
1158,14,1,0
1158,16,1,0
1158,22,1,0
1159,7,1,1
1159,9,1,0
1159,12,1,1
1159,14,1,0
1159,16,1,0
1159,19,1,0
1159,22,1,0
1160,7,1,0
1160,12,1,0
1160,13,1,1
1160,19,1,1
1160,20,1,1
1160,21,1,1
1161,7,1,0
1161,9,1,0
1161,12,1,0
1161,22,1,1
1162,8,1,0
1163,8,1,0
1164,9,1,0
1164,22,1,0
1165,9,1,1
1165,12,1,0
1165,16,1,1
1165,19,1,0
1165,22,1,1
1166,10,1,0
1167,10,1,0
1168,10,1,1
1169,10,1,0
1170,10,1,0
1171,11,1,0
1172,11,1,1
1173,11,1,0
1174,11,1,0
1175,11,1,0
1176,12,1,0
1177,13,1,0
1177,20,1,0
1178,14,1,1
1178,15,1,1
1178,15,2,0
1178,15,3,0
1178,16,1,0
1178,19,1,0
1179,15,1,0
1180,17,1,0
1181,17,1,1
1182,17,1,0
1183,18,1,0
1184,18,1,0
1185,18,1,1
1186,19,1,0
1186,20,1,0
1186,21,1,0
1187,22,1,0
1188,22,1,0
1189,22,1,0
1190,1,1,0
1190,2,1,0
1190,4,1,0
1191,1,1,0
1192,1,1,0
1193,1,1,0
1194,1,1,1
1195,2,1,0
1196,2,1,0
1197,2,1,0
1198,2,1,1
1198,4,1,0
1199,3,1,1
1200,3,1,0
1200,4,1,0
1201,3,1,0
1202,3,1,0
1203,3,1,0
1204,4,1,1
1205,4,1,0
1206,6,1,0
1206,8,1,1
1206,13,1,0
1207,6,1,0
1207,7,1,1
1207,8,1,0
1207,9,1,1
1207,12,1,1
1207,14,1,1
1207,16,1,1
1207,19,1,1
1207,22,1,1
1208,6,1,1
1208,7,1,0
1208,8,1,0
1208,13,1,1
1208,15,1,1
1208,19,1,0
1209,6,1,0
1209,7,1,0
1209,9,1,0
1209,12,1,0
1209,15,1,0
1209,16,1,0
1210,6,1,0
1210,8,1,0
1211,7,1,0
1211,8,1,0
1211,14,1,0
1211,22,1,0
1212,7,1,0
1213,9,1,0
1213,12,1,0
1213,16,1,0
1213,22,1,0
1214,9,1,0
1214,22,1,0
1215,9,1,0
1215,22,1,0
1216,10,1,1
1217,10,1,0
1218,10,1,0
1219,10,1,0
1220,10,1,0
1221,11,1,0
1222,11,1,0
1223,11,1,1
1224,11,1,0
1225,11,1,0
1226,12,1,0
1226,14,1,0
1226,16,1,0
1226,22,1,1
1227,12,1,0
1227,19,1,0
1227,20,1,1
1228,13,1,0
1229,14,1,0
1230,14,1,0
1230,15,1,0
1231,15,1,0
1232,15,1,0
1233,16,1,0
1233,22,1,0
1234,17,1,1
1235,17,1,0
1236,17,1,0
1237,18,1,0
1238,18,1,0
1239,18,1,1
1240,18,1,0
1241,18,1,0
1242,19,1,0
1243,19,1,0
1243,20,1,0
1243,21,1,1
1244,20,1,0
1245,22,1,0
1246,22,1,0
1247,22,1,0
1248,1,1,0
1249,1,1,0
1250,1,1,1
1250,4,1,1
1251,1,1,0
1251,2,1,0
1251,3,1,1
1252,1,1,0
1253,2,1,0
1254,2,1,0
1255,2,1,0
1256,2,1,1
1257,3,1,0
1258,3,1,0
1259,3,1,0
1260,3,1,0
1261,4,1,0
1261,4,2,0
1262,4,1,0
1263,4,1,0
1264,6,1,0
1264,7,1,0
1264,19,1,0
1264,21,1,1
1265,6,1,0
1265,8,1,0
1265,13,1,0
1265,21,1,0
1266,6,1,1
1267,6,1,0
1267,8,1,0
1267,12,1,0
1267,13,1,1
1267,16,1,1
1267,22,1,1
1268,6,1,0
1268,7,1,1
1268,12,1,0
1268,19,1,1
1269,7,1,0
1270,7,1,0
1270,9,1,1
1270,12,1,1
1270,14,1,0
1270,16,1,0
1270,19,1,0
1270,22,1,0
1271,7,1,0
1271,12,1,0
1271,14,1,0
1272,8,1,0
1273,8,1,1
1273,9,1,0
1274,8,1,0
1275,9,1,0
1275,22,1,0
1276,9,1,0
1276,16,1,0
1276,22,1,1
1277,9,1,0
1277,16,1,0
1277,22,1,0
1278,10,1,0
1279,10,1,1
1280,10,1,0
1281,10,1,0
1282,10,1,0
1283,11,1,0
1284,11,1,1
1285,11,1,0
1286,12,1,0
1287,13,1,0
1288,14,1,0
1288,16,1,0
1288,22,1,0
1289,14,1,0
1289,19,1,0
1289,20,1,1
1290,14,1,1
1290,15,1,1
1290,15,2,0
1291,15,1,0
1292,15,1,0
1293,15,1,0
1294,17,1,1
1295,17,1,0
1296,17,1,0
1297,18,1,0
1298,18,1,0
1299,18,1,1
1300,19,1,0
1300,20,1,0
1301,20,1,0
1302,21,1,0
1303,22,1,0
1304,22,1,0
1305,22,1,0
1306,22,1,0
1307,1,1,0
1307,4,1,0
1308,1,1,0
1309,1,1,1
1310,1,1,0
1311,1,1,0
1312,2,1,0
1313,2,1,1
1314,2,1,0
1315,2,1,0
1316,2,1,0
1317,3,1,0
1317,4,1,0
1318,3,1,1
1319,3,1,0
1319,4,1,0
1319,4,2,0
1320,3,1,0
1321,3,1,0
1322,4,1,1
1323,5,1,1
1324,6,1,0
1325,6,1,1
1325,8,1,1
1325,14,1,0
1325,16,1,0
1325,22,1,1
1326,6,1,0
1326,7,1,0
1326,9,1,1
1326,12,1,0
1326,14,1,0
1326,16,1,1
1326,22,1,1
1327,6,1,0
1327,8,1,0
1328,6,1,0
1328,7,1,0
1328,12,1,1
1328,19,1,0
1328,20,1,1
1328,21,1,1
1329,7,1,1
1329,9,1,0
1329,12,1,0
1329,16,1,0
1329,19,1,0
1330,7,1,0
1331,7,1,0
1331,22,1,0
1332,8,1,0
1332,13,1,0
1333,8,1,0
1334,8,1,0
1335,9,1,0
1335,22,1,0
1336,9,1,0
1337,9,1,0
1337,15,1,1
1337,16,1,0
1338,10,1,0
1339,10,1,1
1340,10,1,0
1341,10,1,0
1342,10,1,0
1343,11,1,0
1344,11,1,0
1345,11,1,0
1346,11,1,0
1347,11,1,1
1348,12,1,0
1348,19,1,0
1348,20,1,0
1348,21,1,0
1349,12,1,0
1349,14,1,0
1349,19,1,0
1349,22,1,0
1350,13,1,1
1351,13,1,0
1352,14,1,0
1352,16,1,0
1352,22,1,0
1353,14,1,1
1354,15,1,0
1355,15,1,0
1356,17,1,0
1357,17,1,0
1358,17,1,1
1359,18,1,1
1360,18,1,0
1361,18,1,0
1362,19,1,1
1363,20,1,0
1363,21,1,0
1364,22,1,0
1365,22,1,0
1366,22,1,0
1367,22,1,0
1368,1,1,1
1369,1,1,0
1369,2,1,0
1369,3,1,0
1370,1,1,0
1371,1,1,0
1371,3,1,0
1372,1,1,0
1373,2,1,1
1374,2,1,0
1375,2,1,0
1375,3,1,1
1375,4,1,1
1376,2,1,0
1377,3,1,0
1377,4,1,0
1378,3,1,0
1379,4,1,0
1380,4,1,0
1381,4,1,0
1382,6,1,0
1382,7,1,0
1382,8,1,0
1382,12,1,0
1382,14,1,0
1382,19,1,0
1383,6,1,0
1383,7,1,0
1383,9,1,0
1383,16,1,0
1383,22,1,0
1384,6,1,1
1384,7,1,1
1384,8,1,1
1384,9,1,1
1384,12,1,1
1384,14,1,1
1384,16,1,1
1384,19,1,1
1384,22,1,1
1385,6,1,0
1385,22,1,0
1386,6,1,0
1386,8,1,0
1386,14,1,0
1387,7,1,0
1387,12,1,0
1387,16,1,0
1387,22,1,0
1388,7,1,0
1389,8,1,0
1389,22,1,0
1390,8,1,0
1391,9,1,0
1391,12,1,0
1391,16,1,0
1391,22,1,0
1392,9,1,0
1392,16,1,0
1392,22,1,1
1393,9,1,0
1393,22,1,0
1394,10,1,0
1395,10,1,0
1396,10,1,0
1397,10,1,0
1398,10,1,1
1399,11,1,0
1400,11,1,0
1401,11,1,0
1402,11,1,0
1403,11,1,1
1404,12,1,0
1404,19,1,0
1404,20,1,1
1405,13,1,0
1406,13,1,1
1407,14,1,0
1407,15,1,0
1408,14,1,0
1408,19,1,0
1409,15,1,1
1410,15,1,0
1411,15,1,0
1412,15,1,0
1413,17,1,0
1414,17,1,1
1415,17,1,0
1416,18,1,0
1417,18,1,1
1418,18,1,0
1419,19,1,0
1420,21,1,1
1421,21,1,0
1422,22,1,0
1423,22,1,0
1424,1,1,0
1425,1,1,0
1426,1,1,0
1426,3,1,1
1426,4,1,0
1427,1,1,1
1427,4,1,0
1428,1,1,0
1429,2,1,0
1429,2,2,0
1430,2,1,1
1430,4,1,1
1431,2,1,0
1431,4,1,0
1432,2,1,0
1433,3,1,0
1434,3,1,0
1434,4,1,0
1435,3,1,0
1436,3,1,0
1437,6,1,0
1437,12,1,0
1437,14,1,0
1437,19,1,0
1437,20,1,1
1437,21,1,1
1438,6,1,0
1438,22,1,0
1439,6,1,0
1439,9,1,0
1439,12,1,0
1439,16,1,0
1439,22,1,1
1440,6,1,0
1440,7,1,1
1440,8,1,0
1440,9,1,0
1440,12,1,0
1440,14,1,0
1440,16,1,0
1441,6,1,1
1441,7,1,0
1441,8,1,1
1441,9,1,0
1441,16,1,0
1441,22,1,1
1442,7,1,0
1442,8,1,0
1443,7,1,0
1443,9,1,1
1443,12,1,1
1443,16,1,1
1443,19,1,1
1443,22,1,0
1444,7,1,0
1444,14,1,0
1444,19,1,0
1444,20,1,0
1445,8,1,0
1446,8,1,0
1447,9,1,0
1448,10,1,1
1449,10,1,0
1450,10,1,1
1451,10,1,0
1452,10,1,0
1453,11,1,0
1454,11,1,0
1455,11,1,0
1456,11,1,0
1457,11,1,1
1458,12,1,0
1458,15,1,1
1458,19,1,0
1458,20,1,0
1459,13,1,0
1460,13,1,1
1461,13,1,0
1462,14,1,0
1463,14,1,1
1464,15,1,0
1465,15,1,0
1466,15,1,0
1466,21,1,0
1467,15,1,0
1468,16,1,0
1468,22,1,0
1469,17,1,0
1470,17,1,1
1471,17,1,0
1472,18,1,0
1473,18,1,0
1474,18,1,1
1475,19,1,0
1476,21,1,0
1477,22,1,0
1478,22,1,0
1479,22,1,0
1480,22,1,0
1481,22,1,0
1482,1,1,0
1483,1,1,0
1484,1,1,1
1485,1,1,0
1485,2,1,0
1485,4,1,1
1486,1,1,0
1486,2,1,0
1487,2,1,1
1488,2,1,0
1488,3,1,0
1489,2,1,0
1490,3,1,0
1490,4,1,0
1491,3,1,0
1491,4,1,0
1491,4,2,0
1492,3,1,0
1493,3,1,1
1494,4,1,0
1495,6,1,0
1495,22,1,0
1496,6,1,0
1496,7,1,0
1496,8,1,0
1496,13,1,0
1496,14,1,0
1496,15,1,0
1496,16,1,0
1496,22,1,0
1497,6,1,1
1497,7,1,1
1497,8,1,0
1497,9,1,1
1497,12,1,0
1497,14,1,1
1497,16,1,1
1497,19,1,1
1497,22,1,1
1498,6,1,0
1498,7,1,0
1498,8,1,1
1498,9,1,0
1499,6,1,0
1499,7,1,0
1499,9,1,0
1499,12,1,1
1499,14,1,0
1499,16,1,0
1499,22,1,1
1500,7,1,0
1501,8,1,0
1502,8,1,0
1502,9,1,0
1502,12,1,0
1502,16,1,0
1502,22,1,0
1503,9,1,0
1503,16,1,0
1503,22,1,0
1504,10,1,1
1505,10,1,0
1506,10,1,0
1507,10,1,0
1508,10,1,0
1509,11,1,0
1510,11,1,0
1511,11,1,0
1512,11,1,1
1513,11,1,0
1514,12,1,0
1514,15,1,0
1514,19,1,0
1515,12,1,0
1516,13,1,1
1517,13,1,0
1518,14,1,0
1519,14,1,0
1519,19,1,0
1520,15,1,0
1520,19,1,0
1520,20,1,1
1520,22,1,0
1521,15,1,1
1521,15,2,0
1522,17,1,1
1523,17,1,0
1524,17,1,0
1525,18,1,0
1526,18,1,1
1527,18,1,0
1528,19,1,0
1528,20,1,0
1529,20,1,0
1530,21,1,1
1531,21,1,0
1532,21,1,0
1533,22,1,0
1534,22,1,0
1535,22,1,0
1536,1,1,0
1536,1,2,1
1537,1,1,0
1538,1,1,0
1539,1,1,0
1539,2,1,1
1540,2,1,0
1541,2,1,0
1541,3,1,1
1541,4,1,0
1542,2,1,0
1543,2,1,0
1544,3,1,0
1544,4,1,1
1545,3,1,0
1546,3,1,0
1547,3,1,0
1548,4,1,0
1549,4,1,0
1550,4,1,0
1551,6,1,1
1551,7,1,0
1551,8,1,1
1551,9,1,1
1551,12,1,0
1551,13,1,1
1551,16,1,1
1551,19,1,1
1551,22,1,1
1552,6,1,0
1552,12,1,0
1553,6,1,0
1553,7,1,0
1553,14,1,0
1554,6,1,0
1554,7,1,0
1554,8,1,0
1554,9,1,0
1554,12,1,0
1554,14,1,1
1554,16,1,0
1554,19,1,0
1554,22,1,0
1555,6,1,0
1555,8,1,0
1555,13,1,0
1555,19,1,0
1555,21,1,0
1556,7,1,1
1556,9,1,0
1556,12,1,1
1556,16,1,0
1556,22,1,0
1557,7,1,0
1557,14,1,0
1557,19,1,0
1557,20,1,1
1558,8,1,0
1559,8,1,0
1559,9,1,0
1559,16,1,0
1559,22,1,1
1560,9,1,0
1560,22,1,0
1561,10,1,0
1562,10,1,0
1563,10,1,0
1564,10,1,0
1565,10,1,1
1566,11,1,0
1567,11,1,0
1568,11,1,0
1569,11,1,0
1570,11,1,1
1571,12,1,0
1572,13,1,0
1572,22,1,0
1573,14,1,0
1573,21,1,1
1574,14,1,0
1575,14,1,0
1576,14,1,1
1577,14,1,0
1578,15,1,0
1579,15,1,0
1579,15,2,0
1580,15,1,0
1580,21,1,0
1581,15,1,1
1582,16,1,0
1582,22,1,0
1583,17,1,1
1584,17,1,0
1585,17,1,0
1586,18,1,0
1587,18,1,0
1588,18,1,1
1589,19,1,0
1590,22,1,0
1591,22,1,0
1592,22,1,0
1593,1,1,0
1593,3,1,0
1594,1,1,0
1595,1,1,0
1595,1,2,0
1596,1,1,1
1597,2,1,0
1598,2,1,1
1598,2,2,0
1598,3,1,0
1598,3,2,1
1599,2,1,0
1600,2,1,0
1600,4,1,0
1601,3,1,0
1602,3,1,0
1602,4,1,0
1603,4,1,0
1604,4,1,1
1605,4,1,0
1606,6,1,1
1606,7,1,1
1606,8,1,1
1606,9,1,0
1606,22,1,0
1607,6,1,0
1607,14,1,0
1607,19,1,0
1607,20,1,0
1607,21,1,1
1608,6,1,0
1608,7,1,0
1608,12,1,1
1608,14,1,1
1608,16,1,0
1608,19,1,1
1608,20,1,1
1609,6,1,0
1609,9,1,1
1609,12,1,0
1609,14,1,0
1609,16,1,1
1609,19,1,0
1609,22,1,1
1610,6,1,0
1610,14,1,1
1610,15,1,0
1610,15,2,0
1611,7,1,0
1611,12,1,0
1611,15,1,1
1611,15,2,0
1612,7,1,0
1612,19,1,0
1612,22,1,0
1613,7,1,0
1613,8,1,0
1614,8,1,0
1614,14,1,0
1615,8,1,0
1616,8,1,0
1617,9,1,0
1617,16,1,0
1617,22,1,0
1618,9,1,0
1618,12,1,0
1618,22,1,0
1619,9,1,0
1619,15,1,0
1619,16,1,0
1619,22,1,1
1620,10,1,0
1621,10,1,0
1622,10,1,1
1623,10,1,0
1624,10,1,0
1625,11,1,1
1626,11,1,0
1627,11,1,0
1628,11,1,0
1629,11,1,0
1630,12,1,0
1631,14,1,0
1632,14,1,0
1633,14,1,0
1634,16,1,0
1634,22,1,0
1635,17,1,0
1636,17,1,0
1637,17,1,1
1638,18,1,1
1639,18,1,0
1640,18,1,0
1641,19,1,0
1642,22,1,0
1643,22,1,0
1644,22,1,0
1645,1,1,0
1645,4,1,0
1645,4,2,1
1646,1,1,1
1647,1,1,0
1647,3,1,0
1648,1,1,0
1648,2,1,0
1649,1,1,0
1650,2,1,0
1651,2,1,1
1651,3,1,0
1652,2,1,0
1652,4,1,0
1653,2,1,0
1653,3,1,0
1653,4,1,0
1654,3,1,0
1654,4,1,0
1655,3,1,1
1656,6,1,0
1656,14,1,0
1657,6,1,0
1657,21,1,0
1658,6,1,1
1658,7,1,1
1658,8,1,1
1658,9,1,1
1658,12,1,1
1658,13,1,0
1658,14,1,0
1658,16,1,1
1658,19,1,0
1658,22,1,1
1659,6,1,0
1659,8,1,0
1660,6,1,0
1660,8,1,0
1660,14,1,1
1660,22,1,0
1661,7,1,0
1661,9,1,0
1661,12,1,0
1661,19,1,0
1661,20,1,0
1661,22,1,0
1662,7,1,0
1662,9,1,0
1662,12,1,0
1662,14,1,1
1662,16,1,0
1662,19,1,1
1662,20,1,1
1662,21,1,1
1662,22,1,0
1663,7,1,0
1663,8,1,0
1663,14,1,0
1663,22,1,0
1664,7,1,0
1664,9,1,0
1664,12,1,0
1664,15,1,0
1664,16,1,0
1664,19,1,0
1664,22,1,0
1665,8,1,0
1665,19,1,0
1666,9,1,0
1666,16,1,0
1666,22,1,0
1667,10,1,0
1668,10,1,0
1669,10,1,0
1670,10,1,1
1671,10,1,0
1672,11,1,0
1673,11,1,1
1674,11,1,0
1675,11,1,0
1676,11,1,0
1677,12,1,0
1677,14,1,0
1677,15,1,1
1677,22,1,0
1678,13,1,1
1679,14,1,0
1679,20,1,0
1679,21,1,0
1680,14,1,0
1681,15,1,0
1682,15,1,0
1683,15,1,0
1684,16,1,0
1684,22,1,1
1685,17,1,0
1686,17,1,0
1687,17,1,1
1688,18,1,0
1689,18,1,1
1690,18,1,0
1691,18,1,0
1692,18,1,0
1693,22,1,0
1694,1,1,0
1694,2,1,0
1694,3,1,0
1694,4,1,1
1695,1,1,1
1695,3,1,1
1695,4,1,0
1696,1,1,0
1696,3,1,0
1697,1,1,0
1697,2,1,1
1698,1,1,0
1698,4,1,0
1699,2,1,0
1699,3,1,0
1699,4,1,0
1700,2,1,0
1701,2,1,0
1701,4,1,0
1702,3,1,0
1703,6,1,0
1703,8,1,0
1703,12,1,0
1703,22,1,0
1704,6,1,0
1705,6,1,0
1705,7,1,0
1705,8,1,0
1705,14,1,0
1705,15,1,0
1705,22,1,0
1706,6,1,1
1706,7,1,0
1706,9,1,0
1706,12,1,1
1706,14,1,0
1706,16,1,0
1706,19,1,1
1706,20,1,1
1706,21,1,1
1707,6,1,0
1707,7,1,1
1707,8,1,0
1707,9,1,1
1707,12,1,0
1707,16,1,0
1707,19,1,0
1707,22,1,0
1708,7,1,0
1709,7,1,0
1709,9,1,0
1709,12,1,0
1709,14,1,0
1709,16,1,0
1709,19,1,0
1709,22,1,1
1710,8,1,1
1710,9,1,0
1710,12,1,0
1710,14,1,1
1710,16,1,1
1710,22,1,1
1711,8,1,0
1711,19,1,0
1711,22,1,0
1712,9,1,0
1712,16,1,0
1712,22,1,0
1713,10,1,0
1714,10,1,0
1715,10,1,0
1716,10,1,0
1717,10,1,1
1718,11,1,0
1719,11,1,1
1720,11,1,0
1721,11,1,0
1722,11,1,0
1723,13,1,1
1724,13,1,0
1725,14,1,0
1725,21,1,0
1726,15,1,1
1726,22,1,0
1727,15,1,0
1728,15,1,0
1729,15,1,0
1730,17,1,1
1731,17,1,0
1732,17,1,0
1733,18,1,0
1734,18,1,0
1735,18,1,1
1736,19,1,0
1737,22,1,0
1738,22,1,0
1739,1,1,1
1739,2,1,0
1739,4,1,0
1740,1,1,0
1740,2,1,0
1741,1,1,0
1742,1,1,0
1743,1,1,0
1744,2,1,0
1744,2,2,1
1744,3,1,0
1745,2,1,0
1745,4,1,1
1746,3,1,0
1746,4,1,0
1747,3,1,0
1747,4,1,0
1748,3,1,0
1749,3,1,1
1750,4,1,0
1751,6,1,0
1751,7,1,0
1751,12,1,0
1751,16,1,0
1751,19,1,0
1751,22,1,0
1752,6,1,0
1752,8,1,0
1752,9,1,0
1752,12,1,0
1752,14,1,0
1752,16,1,0
1752,22,1,0
1753,6,1,0
1753,14,1,0
1753,19,1,1
1753,21,1,1
1754,6,1,0
1755,6,1,1
1755,7,1,1
1755,8,1,1
1755,9,1,0
1755,14,1,0
1755,16,1,0
1756,7,1,0
1757,7,1,0
1758,7,1,0
1758,9,1,0
1758,12,1,1
1758,16,1,0
1758,19,1,0
1759,8,1,0
1760,8,1,0
1761,8,1,0
1762,9,1,1
1762,16,1,1
1762,22,1,1
1763,9,1,0
1763,22,1,0
1764,10,1,0
1765,10,1,0
1766,10,1,1
1767,10,1,0
1768,10,1,0
1769,11,1,0
1770,11,1,0
1771,11,1,0
1772,11,1,1
1773,11,1,0
1774,12,1,0
1774,15,1,0
1775,12,1,0
1775,14,1,1
1775,15,1,1
1775,15,2,0
1775,19,1,0
1775,22,1,0
1776,14,1,0
1776,19,1,0
1777,15,1,0
1778,15,1,0
1779,17,1,0
1780,17,1,1
1781,17,1,0
1782,18,1,1
1783,18,1,0
1784,18,1,0
1785,22,1,0
1786,22,1,0
1787,22,1,1
1788,22,1,0
1789,22,1,0
1790,1,1,1
1790,2,1,0
1790,4,1,0
1790,4,2,1
1791,1,1,0
1791,3,1,0
1792,1,1,0
1793,1,1,0
1794,1,1,0
1794,2,1,1
1795,2,1,0
1796,2,1,0
1796,3,1,0
1797,2,1,0
1798,3,1,0
1798,4,1,0
1799,3,1,1
1800,3,1,0
1801,4,1,0
1802,4,1,0
1803,6,1,0
1803,21,1,1
1804,6,1,1
1804,7,1,0
1804,8,1,1
1804,9,1,0
1804,12,1,1
1804,14,1,1
1804,16,1,0
1804,22,1,0
1805,6,1,0
1805,7,1,1
1805,9,1,0
1805,12,1,0
1805,16,1,0
1805,19,1,1
1805,22,1,0
1806,6,1,0
1806,22,1,0
1807,6,1,0
1807,14,1,0
1807,21,1,0
1808,7,1,0
1808,21,1,0
1809,7,1,0
1809,9,1,1
1809,12,1,0
1809,16,1,1
1809,22,1,1
1810,7,1,0
1810,19,1,0
1810,21,1,0
1811,8,1,0
1812,8,1,0
1813,8,1,0
1814,8,1,0
1814,9,1,0
1814,22,1,0
1815,9,1,0
1815,14,1,0
1815,16,1,0
1815,22,1,1
1816,10,1,1
1817,10,1,0
1818,10,1,0
1819,10,1,0
1820,10,1,0
1821,11,1,0
1822,11,1,0
1823,11,1,0
1824,11,1,1
1825,11,1,0
1826,12,1,0
1826,20,1,1
1827,12,1,0
1827,19,1,0
1828,14,1,0
1829,14,1,0
1830,14,1,1
1830,22,1,0
1831,14,1,0
1831,15,1,0
1832,14,1,0
1832,15,1,0
1833,15,1,0
1834,15,1,1
1834,16,1,0
1834,22,1,0
1835,15,1,0
1836,17,1,0
1837,17,1,1
1838,17,1,0
1839,18,1,1
1840,18,1,0
1841,18,1,0
1842,18,1,0
1843,18,1,0
1844,19,1,0
1845,19,1,0
1846,21,1,0
1847,22,1,0
1848,22,1,0
1849,1,1,0
1849,2,1,0
1849,4,1,0
1850,1,1,0
1851,1,1,0
1851,2,1,1
1851,4,1,0
1852,1,1,0
1853,1,1,1
1853,2,1,0
1853,3,1,1
1853,4,1,0
1854,2,1,0
1855,2,1,0
1856,3,1,0
1857,3,1,0
1858,3,1,0
1859,3,1,0
1859,4,1,0
1860,4,1,1
1861,6,1,0
1862,6,1,0
1862,22,1,0
1863,6,1,1
1863,7,1,0
1863,9,1,0
1863,14,1,0
1863,16,1,0
1863,22,1,0
1864,6,1,0
1864,9,1,0
1864,22,1,0
1865,6,1,0
1865,7,1,0
1865,8,1,0
1865,14,1,0
1866,7,1,1
1866,8,1,0
1866,14,1,0
1866,19,1,0
1867,7,1,0
1867,9,1,1
1867,12,1,1
1867,16,1,1
1867,19,1,1
1867,22,1,0
1868,7,1,0
1868,15,1,0
1868,22,1,0
1869,8,1,0
1870,8,1,1
1871,8,1,0
1872,9,1,0
1872,12,1,0
1872,16,1,0
1872,22,1,1
1873,9,1,0
1873,12,1,0
1873,14,1,1
1873,16,1,0
1873,22,1,1
1874,10,1,0
1875,10,1,0
1876,10,1,0
1877,10,1,1
1878,10,1,0
1879,11,1,0
1880,11,1,0
1881,11,1,1
1882,11,1,0
1883,11,1,0
1884,12,1,0
1884,14,1,0
1885,12,1,0
1885,14,1,0
1885,19,1,0
1885,21,1,1
1886,14,1,1
1886,19,1,0
1887,14,1,0
1888,15,1,0
1889,15,1,1
1890,15,1,0
1891,15,1,0
1892,16,1,0
1892,22,1,0
1893,17,1,0
1894,17,1,0
1895,17,1,1
1896,18,1,0
1897,18,1,0
1898,18,1,0
1899,18,1,1
1900,19,1,0
1901,22,1,0
1902,22,1,0
1903,1,1,0
1903,3,1,1
1904,1,1,0
1904,2,1,0
1905,1,1,1
1905,3,1,0
1905,4,1,0
1906,1,1,0
1907,1,1,0
1908,2,1,0
1908,3,1,0
1908,3,2,0
1908,4,1,0
1909,2,1,0
1910,2,1,1
1910,2,2,0
1910,3,1,0
1910,4,1,1
1911,4,1,0
1912,4,1,0
1913,6,1,0
1913,8,1,0
1914,6,1,0
1914,7,1,1
1914,9,1,0
1914,12,1,0
1914,14,1,0
1914,19,1,0
1914,20,1,1
1914,21,1,0
1915,6,1,0
1915,14,1,0
1915,15,1,0
1916,6,1,1
1916,8,1,1
1916,9,1,0
1916,12,1,1
1916,14,1,1
1916,16,1,0
1916,19,1,1
1916,21,1,1
1916,22,1,0
1917,6,1,0
1917,7,1,0
1917,9,1,0
1917,12,1,0
1917,16,1,0
1917,19,1,0
1917,22,1,0
1918,7,1,0
1919,7,1,0
1919,8,1,0
1919,9,1,0
1919,12,1,0
1919,14,1,0
1919,16,1,0
1919,22,1,1
1920,7,1,0
1921,8,1,0
1921,14,1,1
1922,8,1,0
1923,9,1,1
1923,16,1,1
1923,22,1,1
1924,10,1,0
1925,10,1,0
1926,10,1,0
1927,10,1,0
1928,10,1,1
1929,11,1,0
1930,11,1,0
1931,11,1,1
1932,11,1,0
1933,11,1,0
1934,12,1,0
1935,14,1,0
1936,14,1,0
1936,15,1,0
1937,14,1,0
1937,15,1,0
1938,15,1,0
1939,15,1,1
1940,16,1,0
1940,22,1,0
1941,17,1,0
1942,17,1,0
1943,17,1,0
1944,17,1,1
1945,18,1,0
1946,18,1,0
1947,18,1,1
1948,18,1,0
1949,18,1,0
1950,19,1,0
1951,19,1,0
1952,22,1,0
1953,22,1,0
1954,22,1,0
1955,22,1,0
1956,22,1,0
1957,1,1,0
1957,4,1,0
1958,1,1,1
1958,1,2,0
1958,2,1,0
1958,3,1,1
1958,4,1,1
1959,1,1,0
1960,1,1,0
1960,2,1,0
1960,2,2,0
1960,3,1,0
1961,2,1,0
1962,2,1,1
1962,4,1,0
1963,3,1,0
1964,3,1,0
1964,4,1,0
1965,3,1,0
1966,4,1,0
1967,6,1,1
1967,9,1,0
1967,12,1,0
1967,16,1,0
1967,19,1,1
1967,22,1,1
1968,6,1,0
1968,8,1,0
1969,6,1,0
1970,6,1,0
1970,7,1,0
1970,21,1,1
1971,6,1,0
1972,7,1,1
1972,8,1,0
1972,12,1,0
1972,14,1,1
1972,16,1,0
1972,22,1,0
1973,7,1,0
1973,19,1,0
1973,21,1,1
1974,7,1,0
1974,9,1,0
1974,12,1,0
1974,16,1,0
1974,22,1,1
1975,7,1,0
1975,14,1,0
1975,15,1,1
1975,19,1,0
1976,8,1,1
1976,22,1,0
1977,8,1,0
1978,8,1,0
1978,22,1,0
1979,9,1,0
1980,9,1,1
1980,12,1,1
1980,15,1,0
1980,16,1,1
1980,19,1,0
1980,22,1,0
1981,9,1,0
1981,22,1,0
1982,10,1,1
1983,10,1,0
1984,10,1,0
1985,10,1,0
1986,10,1,0
1987,11,1,0
1988,11,1,0
1989,11,1,0
1990,11,1,1
1991,11,1,0
1992,12,1,0
1993,14,1,0
1994,14,1,1
1994,15,1,0
1995,14,1,0
1996,14,1,0
1996,16,1,0
1997,14,1,0
1997,22,1,0
1998,14,1,0
1999,15,1,0
2000,15,1,0
2001,17,1,0
2002,17,1,1
2003,17,1,0
2004,18,1,1
2005,18,1,0
2006,18,1,0
2007,18,1,0
2008,18,1,0
2009,19,1,0
2010,22,1,0
2011,22,1,0
2012,1,1,0
2012,2,1,1
2013,1,1,1
2013,2,1,0
2013,3,1,1
2014,1,1,0
2014,2,1,0
2015,1,1,0
2016,1,1,0
2017,2,1,0
2018,2,1,0
2018,4,1,1
2019,3,1,0
2020,3,1,0
2021,3,1,0
2022,3,1,0
2023,4,1,0
2023,4,2,0
2024,4,1,0
2025,4,1,0
2026,6,1,1
2026,7,1,1
2026,8,1,1
2026,9,1,0
2026,14,1,1
2026,16,1,0
2026,22,1,0
2027,6,1,0
2027,7,1,0
2027,19,1,0
2027,20,1,1
2027,21,1,1
2028,6,1,0
2028,8,1,0
2028,12,1,0
2028,22,1,0
2029,6,1,0
2029,22,1,0
2030,6,1,0
2030,22,1,0
2031,7,1,0
2032,7,1,0
2032,8,1,0
2032,14,1,0
2032,15,1,0
2032,19,1,0
2033,7,1,0
2033,9,1,1
2033,12,1,0
2033,14,1,0
2033,16,1,1
2033,22,1,1
2034,8,1,0
2035,8,1,0
2036,9,1,0
2036,22,1,0
2037,9,1,0
2037,12,1,0
2037,16,1,0
2037,22,1,1
2038,9,1,0
2038,15,1,1
2038,16,1,0
2039,10,1,0
2040,10,1,0
2041,10,1,0
2042,10,1,1
2043,10,1,0
2044,11,1,0
2045,11,1,1
2046,11,1,0
2047,11,1,0
2048,11,1,0
2049,12,1,1
2049,14,1,1
2049,16,1,0
2049,19,1,1
2050,12,1,0
2051,14,1,0
2052,14,1,0
2052,19,1,0
2053,14,1,0
2053,19,1,0
2054,14,1,0
2055,15,1,0
2056,15,1,0
2057,15,1,0
2058,17,1,1
2059,17,1,0
2060,17,1,0
2061,17,1,0
2062,18,1,1
2063,18,1,0
2064,18,1,0
2065,18,1,0
2066,18,1,0
2067,22,1,0
2068,22,1,0
2069,22,1,0
2070,1,1,1
2071,1,1,0
2071,4,1,1
2072,1,1,0
2072,3,1,0
2073,1,1,0
2073,3,1,0
2074,1,1,0
2074,2,1,1
2074,2,2,0
2074,2,3,0
2074,4,1,0
2075,2,1,0
2076,2,1,0
2077,3,1,1
2077,4,1,0
2078,3,1,0
2079,3,1,0
2080,4,1,0
2081,4,1,0
2082,6,1,0
2082,7,1,0
2082,8,1,0
2082,9,1,0
2082,12,1,0
2082,14,1,0
2082,16,1,0
2082,19,1,0
2082,22,1,1
2083,6,1,0
2083,7,1,0
2083,12,1,0
2083,19,1,1
2083,21,1,1
2084,6,1,1
2084,8,1,0
2084,9,1,1
2084,14,1,1
2084,16,1,1
2084,22,1,1
2085,6,1,0
2086,6,1,0
2086,7,1,1
2086,12,1,1
2086,14,1,0
2086,15,1,1
2086,16,1,0
2086,19,1,0
2087,7,1,0
2087,9,1,0
2087,16,1,0
2087,22,1,0
2088,7,1,0
2088,8,1,0
2088,14,1,0
2088,22,1,0
2089,8,1,0
2090,8,1,1
2090,14,1,1
2091,9,1,0
2091,22,1,0
2092,9,1,0
2093,10,1,0
2094,10,1,0
2095,10,1,0
2096,10,1,1
2097,10,1,0
2098,11,1,0
2099,11,1,1
2100,11,1,0
2101,11,1,0
2102,11,1,0
2103,12,1,0
2103,15,1,0
2104,12,1,0
2105,14,1,0
2106,14,1,0
2106,15,1,0
2107,14,1,0
2108,15,1,0
2109,15,1,0
2110,16,1,0
2110,19,1,0
2110,22,1,0
2111,17,1,1
2112,17,1,0
2113,17,1,0
2114,17,1,0
2115,17,1,0
2116,18,1,0
2117,18,1,0
2118,18,1,1
2119,18,1,0
2120,18,1,0
2121,19,1,0
2121,22,1,0
2122,22,1,0
2123,22,1,0
2124,22,1,0
2125,1,1,0
2126,1,1,1
2126,2,1,0
2127,1,1,0
2127,2,1,0
2128,1,1,0
2129,1,1,0
2130,2,1,0
2131,2,1,1
2132,2,1,0
2132,3,1,0
2132,4,1,0
2133,3,1,1
2134,3,1,0
2135,3,1,0
2136,3,1,0
2136,4,1,0
2137,4,1,0
2138,4,1,1
2138,4,2,0
2139,6,1,0
2140,6,1,0
2140,7,1,0
2140,9,1,0
2140,12,1,0
2140,16,1,0
2140,19,1,1
2140,22,1,1
2141,6,1,1
2141,7,1,0
2141,8,1,1
2141,9,1,1
2141,12,1,1
2141,14,1,1
2141,16,1,1
2141,19,1,0
2141,22,1,1
2142,6,1,0
2142,8,1,0
2142,14,1,0
2143,6,1,0
2143,7,1,0
2143,8,1,0
2143,14,1,1
2143,15,1,1
2144,7,1,1
2144,8,1,0
2144,9,1,0
2144,16,1,0
2144,22,1,0
2145,7,1,0
2145,12,1,0
2146,8,1,0
2147,9,1,0
2147,12,1,0
2147,16,1,0
2147,22,1,0
2148,9,1,0
2149,10,1,0
2150,10,1,0
2151,10,1,1
2152,10,1,0
2153,10,1,0
2154,11,1,0
2155,11,1,0
2156,11,1,0
2157,11,1,0
2158,11,1,1
2159,12,1,0
2160,14,1,0
2160,15,1,0
2161,14,1,0
2161,19,1,0
2162,14,1,0
2163,14,1,0
2163,15,1,0
2163,16,1,0
2163,22,1,0
2164,14,1,0
2165,15,1,0
2166,15,1,0
2167,17,1,1
2168,17,1,0
2169,17,1,0
2170,18,1,1
2171,18,1,0
2172,18,1,0
2173,19,1,0
2173,22,1,0
2174,19,1,0
2174,22,1,0
2175,22,1,0
2176,22,1,0
2177,22,1,0
2178,1,1,1
2178,2,1,0
2178,2,2,0
2178,2,3,0
2179,1,1,0
2179,1,2,0
2180,1,1,0
2181,1,1,0
2181,3,1,0
2182,2,1,0
2182,4,1,0
2183,2,1,1
2183,3,1,1
2184,3,1,0
2185,3,1,0
2186,3,1,0
2187,4,1,1
2188,4,1,0
2189,4,1,0
2190,4,1,0
2191,6,1,1
2191,7,1,1
2191,9,1,1
2191,12,1,1
2191,14,1,1
2191,16,1,0
2191,19,1,1
2191,22,1,0
2192,6,1,0
2192,8,1,0
2192,14,1,0
2192,22,1,0
2193,6,1,0
2193,7,1,0
2193,8,1,0
2193,12,1,0
2193,14,1,0
2193,15,1,1
2193,19,1,0
2193,21,1,1
2194,6,1,0
2194,7,1,0
2194,8,1,1
2195,6,1,0
2195,8,1,0
2195,22,1,0
2196,7,1,0
2196,19,1,0
2197,7,1,0
2198,8,1,0
2198,9,1,0
2198,12,1,0
2198,14,1,0
2198,16,1,1
2198,19,1,0
2198,22,1,1
2199,9,1,0
2199,12,1,0
2199,16,1,0
2200,9,1,0
2200,16,1,0
2200,22,1,0
2201,9,1,0
2201,14,1,0
2202,10,1,0
2203,10,1,0
2204,10,1,0
2205,10,1,1
2206,10,1,0
2207,11,1,0
2208,11,1,0
2209,11,1,0
2210,11,1,1
2211,11,1,0
2212,12,1,0
2213,14,1,0
2214,14,1,1
2215,14,1,0
2216,14,1,0
2217,15,1,0
2218,15,1,0
2219,15,1,0
2220,15,1,0
2221,16,1,0
2221,22,1,0
2222,17,1,1
2223,17,1,0
2224,17,1,0
2225,18,1,0
2226,18,1,1
2227,18,1,0
2228,19,1,0
2228,22,1,1
2229,22,1,0
2230,22,1,0
2231,22,1,0
2232,1,1,0
2232,3,1,0
2233,1,1,1
2233,2,1,0
2234,1,1,0
2235,1,1,0
2236,1,1,0
2236,2,1,0
2237,2,1,0
2237,2,2,1
2237,4,1,0
2237,4,2,1
2238,2,1,0
2239,3,1,0
2240,3,1,1
2241,3,1,0
2242,3,1,0
2243,4,1,0
2244,4,1,0
2245,4,1,0
2246,6,1,0
2246,12,1,0
2247,6,1,0
2247,8,1,0
2247,14,1,0
2247,15,1,0
2247,21,1,1
2248,6,1,0
2248,7,1,1
2248,9,1,0
2248,14,1,1
2248,16,1,0
2248,19,1,1
2249,6,1,0
2249,8,1,0
2249,14,1,0
2249,19,1,0
2250,6,1,1
2250,7,1,0
2250,8,1,1
2250,14,1,0
2250,16,1,0
2251,7,1,0
2251,9,1,1
2251,12,1,1
2251,16,1,1
2251,19,1,0
2251,22,1,1
2252,7,1,0
2252,9,1,0
2252,16,1,0
2252,22,1,0
2253,7,1,0
2253,12,1,0
2253,14,1,1
2253,22,1,0
2254,8,1,0
2255,8,1,0
2256,9,1,0
2256,12,1,0
2256,16,1,0
2256,22,1,0
2257,9,1,0
2257,22,1,0
2258,10,1,0
2259,10,1,1
2260,10,1,0
2261,10,1,0
2262,10,1,0
2263,11,1,0
2264,11,1,0
2265,11,1,0
2266,11,1,1
2266,18,1,1
2267,11,1,0
2268,12,1,0
2268,15,1,0
2268,19,1,0
2269,14,1,0
2269,15,1,1
2270,14,1,0
2271,14,1,0
2272,14,1,0
2273,14,1,0
2274,15,1,0
2275,15,1,0
2276,17,1,1
2277,17,1,0
2278,17,1,0
2279,18,1,0
2280,18,1,0
2281,19,1,0
2282,21,1,0
2283,22,1,0
2284,22,1,0
2285,22,1,1
2286,22,1,0
2287,22,1,0
2288,1,1,0
2288,2,1,0
2289,1,1,0
2289,3,1,0
2290,1,1,0
2290,4,1,0
2291,1,1,0
2291,2,1,0
2291,3,1,0
2292,1,1,1
2293,2,1,0
2294,2,1,0
2295,2,1,1
2295,3,1,0
2296,3,1,1
2297,3,1,0
2298,4,1,0
2299,4,1,1
2299,4,2,0
2300,4,1,0
2301,6,1,0
2301,7,1,0
2301,8,1,0
2301,12,1,0
2301,14,1,0
2301,16,1,0
2301,19,1,0
2301,22,1,0
2302,6,1,0
2303,6,1,1
2303,7,1,0
2303,9,1,1
2303,12,1,1
2303,14,1,0
2303,16,1,1
2303,19,1,1
2303,21,1,0
2303,22,1,1
2304,6,1,0
2304,8,1,0
2304,14,1,0
2304,15,1,0
2305,6,1,0
2305,7,1,0
2305,12,1,0
2305,19,1,0
2305,21,1,1
2306,7,1,1
2306,19,1,0
2307,7,1,0
2307,9,1,0
2307,22,1,0
2308,8,1,1
2308,14,1,0
2309,8,1,0
2309,14,1,0
2309,15,1,0
2310,8,1,0
2311,9,1,0
2312,9,1,0
2312,14,1,1
2312,16,1,0
2312,22,1,0
2313,9,1,0
2313,12,1,0
2313,16,1,0
2313,22,1,1
2314,10,1,0
2315,10,1,0
2316,10,1,0
2317,10,1,0
2318,10,1,1
2318,12,1,0
2318,19,1,0
2319,11,1,0
2320,11,1,1
2321,11,1,0
2322,11,1,0
2323,11,1,0
2324,14,1,0
2325,14,1,0
2326,14,1,0
2327,14,1,1
2328,15,1,1
2328,22,1,0
2329,15,1,0
2330,15,1,0
2331,16,1,0
2331,22,1,0
2332,17,1,0
2333,17,1,1
2334,17,1,0
2335,18,1,1
2336,18,1,0
2337,18,1,0
2338,22,1,0
2339,22,1,0
2340,22,1,0
2341,1,1,0
2341,2,1,0
2341,3,1,0
2342,1,1,0
2342,1,2,0
2342,4,1,0
2343,1,1,0
2344,1,1,1
2345,2,1,0
2346,2,1,0
2346,4,1,0
2347,2,1,0
2348,2,1,1
2348,3,1,0
2348,4,1,0
2349,3,1,0
2350,3,1,0
2351,3,1,1
2352,4,1,0
2353,4,1,1
2354,6,1,0
2354,7,1,0
2354,8,1,1
2354,14,1,0
2354,16,1,0
2354,19,1,0
2354,22,1,0
2355,6,1,0
2355,8,1,0
2355,19,1,0
2356,6,1,1
2356,7,1,0
2356,8,1,0
2356,12,1,0
2356,14,1,1
2356,16,1,0
2356,19,1,1
2357,6,1,0
2357,8,1,0
2357,14,1,0
2358,6,1,0
2358,8,1,0
2358,9,1,0
2358,12,1,0
2358,14,1,0
2358,22,1,0
2359,7,1,0
2359,22,1,0
2360,7,1,1
2360,9,1,0
2360,14,1,1
2360,15,1,1
2360,16,1,0
2360,19,1,0
2360,22,1,1
2361,7,1,0
2361,19,1,0
2361,21,1,1
2362,9,1,0
2363,9,1,1
2363,12,1,0
2363,16,1,1
2363,22,1,1
2364,9,1,0
2364,12,1,1
2364,16,1,0
2364,22,1,0
2365,10,1,1
2366,10,1,0
2367,10,1,0
2368,10,1,0
2369,10,1,0
2370,11,1,1
2371,11,1,0
2372,11,1,0
2373,11,1,0
2374,11,1,0
2374,18,1,1
2375,12,1,0
2375,14,1,0
2376,14,1,0
2377,14,1,0
2377,22,1,0
2378,14,1,0
2379,14,1,0
2380,15,1,0
2381,15,1,0
2382,15,1,0
2383,15,1,0
2384,17,1,1
2385,17,1,0
2386,17,1,0
2387,18,1,0
2388,18,1,0
2389,21,1,0
2390,22,1,0
2391,22,1,0
2392,22,1,0
2393,1,1,0
2393,4,1,0
2394,1,1,0
2395,1,1,0
2395,2,1,0
2396,1,1,0
2396,3,1,1
2397,1,1,1
2398,2,1,1
2398,3,1,0
2399,2,1,0
2399,4,1,0
2400,2,1,0
2401,2,1,0
2402,3,1,0
2403,3,1,1
2403,4,1,0
2404,3,1,0
2404,4,1,0
2405,4,1,1
2406,6,1,1
2406,7,1,0
2406,8,1,0
2406,9,1,1
2406,12,1,0
2406,14,1,1
2406,16,1,1
2406,19,1,1
2406,22,1,0
2407,6,1,0
2407,14,1,0
2408,6,1,0
2408,7,1,0
2408,8,1,0
2408,14,1,0
2408,15,1,0
2408,19,1,0
2409,6,1,0
2409,9,1,0
2409,21,1,1
2409,22,1,0
2410,6,1,0
2411,7,1,0
2411,12,1,0
2411,14,1,0
2411,15,1,0
2411,16,1,0
2411,19,1,0
2412,7,1,0
2412,21,1,0
2413,7,1,1
2413,8,1,1
2413,9,1,0
2413,16,1,0
2414,8,1,0
2414,9,1,0
2414,14,1,1
2414,16,1,0
2414,22,1,1
2415,8,1,0
2415,14,1,0
2416,9,1,0
2416,22,1,0
2417,10,1,0
2418,10,1,1
2419,10,1,0
2420,10,1,0
2421,10,1,0
2422,11,1,0
2423,11,1,0
2424,11,1,0
2425,11,1,0
2426,11,1,1
2427,12,1,1
2427,19,1,0
2428,12,1,0
2428,22,1,0
2429,12,1,0
2430,13,1,1
2431,14,1,0
2432,14,1,0
2432,15,1,1
2433,14,1,0
2433,19,1,0
2434,14,1,0
2435,15,1,0
2436,15,1,0
2437,16,1,0
2437,22,1,0
2438,17,1,0
2439,17,1,0
2440,17,1,0
2441,17,1,1
2442,18,1,0
2443,18,1,0
2444,18,1,0
2445,18,1,1
2446,22,1,0
2447,22,1,0
2448,22,1,0
2449,22,1,1
2450,1,1,0
2450,2,1,0
2450,2,2,0
2450,3,1,0
2450,4,1,1
2451,1,1,0
2451,3,1,0
2451,4,1,0
2452,1,1,0
2452,2,1,1
2453,1,1,1
2454,1,1,0
2454,2,1,0
2454,3,1,1
2454,4,1,0
2455,2,1,0
2456,3,1,0
2457,3,1,0
2458,4,1,0
2459,4,1,0
2460,6,1,1
2460,7,1,0
2460,8,1,1
2460,14,1,1
2460,19,1,0
2461,6,1,0
2461,7,1,0
2461,12,1,0
2461,14,1,0
2461,14,2,0
2461,15,1,1
2461,16,1,0
2461,19,1,0
2461,21,1,1
2462,6,1,0
2462,9,1,0
2462,12,1,0
2462,14,1,0
2462,16,1,0
2462,22,1,1
2463,6,1,0
2463,8,1,0
2464,6,1,0
2464,8,1,0
2464,14,1,1
2464,14,2,0
2464,15,1,0
2464,19,1,0
2465,7,1,1
2465,8,1,0
2465,9,1,0
2465,16,1,0
2465,22,1,0
2466,7,1,0
2466,9,1,1
2466,16,1,0
2466,22,1,0
2467,7,1,0
2467,9,1,0
2467,14,1,0
2467,22,1,0
2468,8,1,0
2469,9,1,0
2469,12,1,1
2469,16,1,1
2469,19,1,1
2469,20,1,0
2469,22,1,1
2470,10,1,1
2471,10,1,0
2472,10,1,0
2473,10,1,0
2474,10,1,0
2475,11,1,0
2476,11,1,0
2476,18,1,1
2477,11,1,1
2478,11,1,0
2479,11,1,0
2480,12,1,0
2481,12,1,0
2481,19,1,0
2481,20,1,1
2482,14,1,0
2482,22,1,0
2483,14,1,0
2484,14,1,0
2485,15,1,0
2486,15,1,0
2487,15,1,0
2488,17,1,1
2489,17,1,0
2490,17,1,0
2491,18,1,0
2492,18,1,0
2493,18,1,0
2494,21,1,0
2495,22,1,0
2496,22,1,0
2497,22,1,0
2498,22,1,0
2499,1,1,0
2500,1,1,0
2500,2,1,0
2500,3,1,1
2500,4,1,1
2501,1,1,0
2501,4,1,0
2502,1,1,0
2502,2,1,0
2503,1,1,1
2503,2,1,0
2503,4,1,0
2504,2,1,0
2504,3,1,0
2505,2,1,1
2506,3,1,0
2507,3,1,0
2508,3,1,0
2509,4,1,0
2510,4,1,0
2511,6,1,0
2511,7,1,0
2511,22,1,0
2512,6,1,0
2512,8,1,0
2512,14,1,0
2513,6,1,0
2513,7,1,0
2514,6,1,0
2514,8,1,0
2515,6,1,1
2515,7,1,1
2515,8,1,1
2515,9,1,0
2515,12,1,0
2515,14,1,0
2515,16,1,0
2515,19,1,0
2515,22,1,0
2516,6,1,1
2516,7,1,0
2516,12,1,0
2516,20,1,0
2516,21,1,1
2517,6,1,0
2517,8,1,0
2517,19,1,0
2518,6,1,0
2518,8,1,0
2519,6,1,0
2519,8,1,0
2520,6,1,0
2520,7,1,0
2520,12,1,0
2520,14,1,0
2520,16,1,0
2520,19,1,0
2521,7,1,0
2521,15,1,0
2522,7,1,0
2523,7,1,0
2523,8,1,0
2523,14,1,0
2523,15,1,0
2523,19,1,0
2523,21,1,0
2524,7,1,1
2524,8,1,1
2524,9,1,1
2524,16,1,1
2524,22,1,1
2525,7,1,0
2525,9,1,0
2525,22,1,0
2526,8,1,0
2527,8,1,0
2528,9,1,0
2528,22,1,0
2529,9,1,0
2529,22,1,1
2530,10,1,0
2531,10,1,0
2532,10,1,0
2533,10,1,0
2534,10,1,1
2535,11,1,0
2536,11,1,0
2537,11,1,0
2538,11,1,0
2539,11,1,1
2540,12,1,1
2540,19,1,1
2540,20,1,1
2541,12,1,0
2541,16,1,0
2541,22,1,0
2542,14,1,0
2543,14,1,1
2543,15,1,1
2544,14,1,1
2545,14,1,0
2546,14,1,0
2547,14,1,0
2548,15,1,0
2548,16,1,0
2548,22,1,0
2549,15,1,0
2550,17,1,0
2551,17,1,1
2552,17,1,0
2553,18,1,0
2554,18,1,1
2555,18,1,0
2556,22,1,0
2557,22,1,0
2558,1,1,0
2559,1,1,1
2560,1,1,0
2560,2,1,0
2560,4,1,0
2560,4,2,0
2561,1,1,0
2562,1,1,0
2562,2,1,0
2562,3,1,0
2563,2,1,1
2564,2,1,0
2565,2,1,0
2566,3,1,0
2566,4,1,0
2567,3,1,1
2568,3,1,0
2569,3,1,0
2569,4,1,1
2570,4,1,0
2571,6,1,0
2571,7,1,0
2572,6,1,0
2572,7,1,0
2572,14,1,0
2573,6,1,1
2573,7,1,1
2573,8,1,0
2573,16,1,0
2573,22,1,0
2574,6,1,0
2574,8,1,0
2575,6,1,0
2576,6,1,0
2576,7,1,0
2576,8,1,0
2576,14,1,0
2576,19,1,0
2577,6,1,1
2577,7,1,1
2577,8,1,1
2577,9,1,0
2577,12,1,0
2577,14,1,1
2577,16,1,0
2577,19,1,0
2577,22,1,1
2578,6,1,0
2578,7,1,0
2578,8,1,0
2578,14,1,0
2578,21,1,0
2579,6,1,0
2579,8,1,0
2580,6,1,0
2580,7,1,0
2580,8,1,0
2580,9,1,1
2580,12,1,1
2580,14,1,1
2580,16,1,1
2580,19,1,1
2581,7,1,0
2582,7,1,0
2582,8,1,0
2583,7,1,0
2583,12,1,0
2583,15,1,0
2583,19,1,0
2583,20,1,1
2584,8,1,1
2584,9,1,0
2584,16,1,0
2584,22,1,1
2585,8,1,0
2586,9,1,0
2586,22,1,0
2587,9,1,0
2588,10,1,0
2589,10,1,1
2590,10,1,0
2591,10,1,0
2592,10,1,0
2593,11,1,0
2594,11,1,0
2595,11,1,0
2596,11,1,1
2597,11,1,0
2598,12,1,0
2598,14,1,0
2598,15,1,0
2598,22,1,0
2599,12,1,0
2600,14,1,0
2600,14,2,0
2600,15,1,0
2600,22,1,0
2601,14,1,0
2602,14,1,0
2602,16,1,0
2602,22,1,0
2603,15,1,1
2604,15,1,0
2605,17,1,0
2606,17,1,1
2607,17,1,0
2608,18,1,1
2609,18,1,0
2610,18,1,0
2611,18,1,0
2612,18,1,0
2613,19,1,0
2614,20,1,0
2615,21,1,1
2616,22,1,0
2617,22,1,0
2618,22,1,0
2619,1,1,0
2619,1,2,0
2619,2,1,0
2620,1,1,1
2620,2,1,0
2620,4,1,0
2621,1,1,0
2621,4,1,1
2622,1,1,0
2623,2,1,0
2624,2,1,0
2625,2,1,1
2626,3,1,1
2627,3,1,0
2628,3,1,0
2629,3,1,0
2630,3,1,0
2631,4,1,0
2632,4,1,0
2633,4,1,0
2634,6,1,0
2634,7,1,0
2635,6,1,0
2635,7,1,0
2635,8,1,0
2635,12,1,0
2635,14,1,0
2635,15,1,0
2636,6,1,0
2636,7,1,0
2636,8,1,1
2637,6,1,0
2638,6,1,1
2638,7,1,1
2638,9,1,0
2638,16,1,0
2638,22,1,0
2639,6,1,0
2639,7,1,0
2639,8,1,0
2639,9,1,0
2639,12,1,0
2639,14,1,0
2639,16,1,0
2639,19,1,0
2639,22,1,1
2640,6,1,0
2640,7,1,0
2640,8,1,0
2640,9,1,0
2640,12,1,1
2640,14,1,0
2640,14,2,1
2640,15,1,1
2640,16,1,0
2640,19,1,0
2640,21,1,1
2640,22,1,0
2641,6,1,1
2641,7,1,1
2641,8,1,1
2641,9,1,1
2641,12,1,0
2641,14,1,1
2641,16,1,1
2641,19,1,1
2641,22,1,0
2642,6,1,0
2642,7,1,0
2642,8,1,0
2642,14,1,0
2642,19,1,0
2643,6,1,0
2643,8,1,0
2644,7,1,0
2645,7,1,0
2646,8,1,0
2647,8,1,0
2648,8,1,0
2649,9,1,0
2649,16,1,0
2649,22,1,0
2650,10,1,0
2651,10,1,0
2652,10,1,0
2653,10,1,1
2654,10,1,0
2655,11,1,0
2656,11,1,0
2657,11,1,0
2658,11,1,1
2659,11,1,0
2660,12,1,0
2660,19,1,0
2660,22,1,1
2661,13,1,1
2662,14,1,0
2663,14,1,0
2664,14,1,0
2664,22,1,0
2665,14,1,0
2665,15,1,0
2666,15,1,0
2667,15,1,0
2668,17,1,0
2669,17,1,0
2670,17,1,0
2671,17,1,1
2672,18,1,1
2673,18,1,0
2674,18,1,0
2675,20,1,1
2676,20,1,0
2677,21,1,0
2678,22,1,0
2679,22,1,0
2680,22,1,0
2681,1,1,0
2681,2,1,0
2681,4,1,0
2681,4,2,0
2681,4,3,0
2682,1,1,0
2682,3,1,0
2683,1,1,0
2684,1,1,0
2684,2,1,1
2684,3,1,1
2685,1,1,1
2685,4,1,0
2686,2,1,0
2687,2,1,0
2688,2,1,0
2689,3,1,0
2690,3,1,0
2691,3,1,0
2692,4,1,1
2693,6,1,1
2693,9,1,0
2693,16,1,0
2693,22,1,0
2694,6,1,0
2694,8,1,1
2694,9,1,0
2694,22,1,0
2695,6,1,0
2695,7,1,1
2695,9,1,0
2695,22,1,0
2696,6,1,0
2696,7,1,0
2696,8,1,0
2696,22,1,0
2697,6,1,0
2698,6,1,0
2698,7,1,0
2698,8,1,0
2698,9,1,0
2698,12,1,0
2699,6,1,1
2699,7,1,1
2699,8,1,1
2699,12,1,0
2699,14,1,0
2699,16,1,0
2699,19,1,0
2699,21,1,1
2700,6,1,0
2701,6,1,0
2701,7,1,0
2701,8,1,0
2701,12,1,1
2701,14,1,0
2701,16,1,0
2701,19,1,1
2701,22,1,1
2702,6,1,0
2702,9,1,1
2702,14,1,1
2702,16,1,1
2702,22,1,1
2703,7,1,0
2704,7,1,0
2705,7,1,0
2705,16,1,0
2705,22,1,0
2706,7,1,0
2706,14,1,1
2707,7,1,0
2707,12,1,0
2707,14,1,0
2707,15,1,0
2707,19,1,0
2707,20,1,1
2708,8,1,0
2709,8,1,0
2710,8,1,0
2711,8,1,0
2712,8,1,0
2712,14,1,0
2713,10,1,0
2714,10,1,1
2715,10,1,0
2716,10,1,0
2717,11,1,1
2718,11,1,0
2719,11,1,0
2720,11,1,0
2721,11,1,0
2722,12,1,0
2723,14,1,0
2723,15,1,0
2724,14,1,0
2724,19,1,0
2725,14,1,0
2725,22,1,0
2726,14,1,0
2727,15,1,1
2728,15,1,0
2729,15,1,0
2730,17,1,0
2731,17,1,1
2732,17,1,0
2733,17,1,0
2734,17,1,0
2735,18,1,0
2736,18,1,0
2737,18,1,1
2738,18,1,0
2739,18,1,0
2740,19,1,0
2740,22,1,0
2741,20,1,0
2742,21,1,0
2743,22,1,0
2744,1,1,0
2744,2,1,0
2744,4,1,0
2745,1,1,0
2745,3,1,0
2746,1,1,0
2747,1,1,0
2747,2,1,0
2748,1,1,1
2748,4,1,0
2749,2,1,1
2749,3,1,0
2749,4,1,0
2750,2,1,0
2750,3,1,0
2751,2,1,0
2752,3,1,1
2752,4,1,1
2753,3,1,0
2754,4,1,0
2755,6,1,0
2755,8,1,0
2755,15,1,1
2756,6,1,0
2756,7,1,1
2756,12,1,0
2756,16,1,0
2757,6,1,0
2758,6,1,0
2759,6,1,1
2759,7,1,0
2759,9,1,0
2759,14,1,0
2759,16,1,0
2759,22,1,1
2760,6,1,1
2760,7,1,1
2760,9,1,1
2760,12,1,1
2760,14,1,1
2760,16,1,1
2760,19,1,1
2760,22,1,0
2761,6,1,0
2761,8,1,0
2761,12,1,0
2761,14,1,1
2761,16,1,0
2761,19,1,0
2762,6,1,0
2762,7,1,0
2762,12,1,0
2762,14,1,0
2762,15,1,0
2762,16,1,0
2763,6,1,0
2763,19,1,0
2763,22,1,0
2764,6,1,0
2764,7,1,0
2764,8,1,1
2764,14,1,0
2765,7,1,0
2766,7,1,0
2766,15,1,0
2767,7,1,0
2767,8,1,1
2767,19,1,0
2768,7,1,0
2768,8,1,0
2768,14,1,0
2769,7,1,0
2770,8,1,0
2771,8,1,0
2771,9,1,0
2771,22,1,0
2772,8,1,0
2773,8,1,0
2773,19,1,0
2774,8,1,0
2775,9,1,0
2775,22,1,0
2776,9,1,0
2776,22,1,1
2777,10,1,0
2778,10,1,1
2779,11,1,1
2780,11,1,0
2781,11,1,0
2782,12,1,0
2783,14,1,0
2783,22,1,0
2784,14,1,0
2785,14,1,0
2786,14,1,0
2787,15,1,0
2788,15,1,0
2789,17,1,1
2790,17,1,0
2791,17,1,0
2792,17,1,0
2793,17,1,0
2794,18,1,0
2795,18,1,0
2796,18,1,0
2797,18,1,1
2798,18,1,0
2799,22,1,0
2800,22,1,0
2801,22,1,0
2802,1,1,0
2803,1,1,0
2803,2,1,0
2803,2,2,0
2803,3,1,0
2804,1,1,0
2804,1,2,1
2804,2,1,0
2804,4,1,0
2805,1,1,0
2806,2,1,1
2806,4,1,1
2807,2,1,0
2808,3,1,0
2809,3,1,1
2810,3,1,0
2810,4,1,0
2811,3,1,0
2812,4,1,0
2813,4,1,0
2814,6,1,0
2814,7,1,0
2815,6,1,0
2815,7,1,0
2815,8,1,0
2815,19,1,0
2816,6,1,1
2816,7,1,1
2816,9,1,0
2816,16,1,0
2816,22,1,0
2817,6,1,0
2817,7,1,0
2817,8,1,0
2817,9,1,0
2817,12,1,0
2817,16,1,0
2817,22,1,1
2818,6,1,0
2818,8,1,1
2818,9,1,0
2818,22,1,0
2819,6,1,0
2819,14,1,1
2819,15,1,1
2819,22,1,0
2820,6,1,0
2820,14,1,0
2820,15,1,0
2821,6,1,0
2821,7,1,0
2821,8,1,0
2821,14,1,0
2821,19,1,0
2822,6,1,0
2822,14,1,0
2823,6,1,1
2823,7,1,1
2823,8,1,1
2823,9,1,1
2823,12,1,1
2823,14,1,1
2823,16,1,1
2823,19,1,1
2823,22,1,0
2824,7,1,0
2825,7,1,0
2825,12,1,0
2825,14,1,0
2825,16,1,0
2826,7,1,0
2827,7,1,0
2828,8,1,0
2829,8,1,0
2830,8,1,0
2830,14,1,0
2831,8,1,0
2832,8,1,0
2832,15,1,0
2833,9,1,0
2833,12,1,0
2833,14,1,0
2833,16,1,0
2833,19,1,0
2833,22,1,0
2834,10,1,0
2835,10,1,1
2836,11,1,0
2837,11,1,0
2838,11,1,0
2839,11,1,0
2840,11,1,1
2841,12,1,0
2841,19,1,0
2842,14,1,0
2843,14,1,0
2844,15,1,0
2845,15,1,0
2846,17,1,0
2847,17,1,0
2848,17,1,1
2849,17,1,0
2850,17,1,0
2851,18,1,0
2852,18,1,0
2853,18,1,0
2854,18,1,1
2855,18,1,0
2856,22,1,0
2857,22,1,0
2858,22,1,0
2859,22,1,1
2860,1,1,0
2860,4,1,0
2861,1,1,1
2861,4,1,1
2862,1,1,0
2862,2,1,0
2862,3,1,0
2863,1,1,0
2864,1,1,0
2865,2,1,0
2866,2,1,0
2867,2,1,1
2868,2,1,0
2869,3,1,0
2870,3,1,0
2870,4,1,0
2871,3,1,0
2872,3,1,1
2873,4,1,0
2874,4,1,0
2875,6,1,1
2875,7,1,0
2875,9,1,1
2875,12,1,1
2875,16,1,1
2875,19,1,0
2875,22,1,1
2876,6,1,0
2876,7,1,0
2876,8,1,1
2876,15,1,0
2876,22,1,0
2877,6,1,0
2877,7,1,0
2877,9,1,0
2878,6,1,0
2878,7,1,1
2878,9,1,0
2878,16,1,0
2878,22,1,0
2879,6,1,0
2880,6,1,0
2880,19,1,0
2881,6,1,0
2882,6,1,0
2882,7,1,0
2882,8,1,0
2882,12,1,0
2882,14,1,0
2882,15,1,0
2882,19,1,0
2883,6,1,1
2883,7,1,1
2883,8,1,1
2883,12,1,0
2883,14,1,0
2884,6,1,0
2884,8,1,0
2884,19,1,0
2885,7,1,0
2885,12,1,0
2885,22,1,0
2886,7,1,0
2886,12,1,0
2886,14,1,0
2886,15,1,0
2886,16,1,0
2886,19,1,1
2887,7,1,0
2888,7,1,0
2888,14,1,1
2889,8,1,0
2889,9,1,0
2889,15,1,1
2889,22,1,0
2890,8,1,0
2891,8,1,0
2892,8,1,0
2893,8,1,0
2893,14,1,0
2894,8,1,0
2895,9,1,0
2895,16,1,0
2895,22,1,0
2896,10,1,1
2897,10,1,0
2898,11,1,0
2899,11,1,0
2900,11,1,0
2901,11,1,1
2902,11,1,0
2903,14,1,0
2903,16,1,0
2903,22,1,1
2904,14,1,0
2905,14,1,0
2906,14,1,0
2907,14,1,1
2908,15,1,0
2909,17,1,0
2910,17,1,0
2911,17,1,0
2912,17,1,1
2913,17,1,0
2914,18,1,0
2915,18,1,1
2916,18,1,0
2917,18,1,0
2918,22,1,0
2919,22,1,0
2920,22,1,0
2921,1,1,0
2921,3,1,1
2921,4,1,0
2922,1,1,1
2922,2,1,1
2923,1,1,0
2924,1,1,0
2925,1,1,0
2925,2,1,0
2925,2,2,0
2926,2,1,0
2927,2,1,0
2927,4,1,1
2928,3,1,0
2928,4,1,0
2929,3,1,0
2930,3,1,0
2930,3,2,0
2931,4,1,0
2931,4,2,0
2932,6,1,0
2932,7,1,0
2932,8,1,0
2933,6,1,1
2933,7,1,1
2933,8,1,0
2933,9,1,0
2933,14,1,0
2933,16,1,0
2934,6,1,0
2935,6,1,0
2935,7,1,0
2935,8,1,1
2935,9,1,0
2935,22,1,0
2936,6,1,0
2937,6,1,1
2937,7,1,1
2937,8,1,1
2937,9,1,1
2937,12,1,1
2937,14,1,1
2937,16,1,1
2937,19,1,1
2937,22,1,0
2938,6,1,0
2938,7,1,0
2938,8,1,0
2939,6,1,0
2939,19,1,0
2940,6,1,0
2940,12,1,0
2940,22,1,0
2941,6,1,0
2941,14,1,0
2941,22,1,1
2942,7,1,0
2942,12,1,0
2942,16,1,0
2942,22,1,0
2943,7,1,0
2943,8,1,0
2944,7,1,0
2944,8,1,0
2944,14,1,0
2944,15,1,0
2945,7,1,0
2945,9,1,0
2945,12,1,0
2945,14,1,0
2945,16,1,0
2945,19,1,0
2945,22,1,0
2946,7,1,0
2946,8,1,0
2946,14,1,1
2946,19,1,0
2947,8,1,0
2948,8,1,0
2948,15,1,0
2949,9,1,0
2949,16,1,0
2949,22,1,1
2950,10,1,0
2951,10,1,1
2952,11,1,0
2953,11,1,0
2954,11,1,1
2955,12,1,0
2955,14,1,0
2956,14,1,0
2957,14,1,0
2958,14,1,0
2959,15,1,0
2960,15,1,1
2961,15,1,0
2962,17,1,0
2963,17,1,1
2964,17,1,0
2965,17,1,0
2966,18,1,0
2967,18,1,1
2968,18,1,0
2969,18,1,0
2970,18,1,0
2971,19,1,0
2972,22,1,0
2973,22,1,0
2974,22,1,0
2975,1,1,0
2975,1,2,0
2975,2,1,0
2975,4,1,0
2976,1,1,0
2976,3,1,0
2977,1,1,1
2977,3,1,0
2977,4,1,1
2978,1,1,0
2979,2,1,0
2980,2,1,1
2981,2,1,0
2981,3,1,0
2981,4,1,0
2982,2,1,0
2983,3,1,1
2984,3,1,0
2984,4,1,0
2985,4,1,0
2986,6,1,0
2986,7,1,0
2986,12,1,0
2986,16,1,0
2987,6,1,0
2987,8,1,0
2988,6,1,0
2988,8,1,0
2988,15,1,0
2989,6,1,1
2989,7,1,1
2989,8,1,1
2989,9,1,1
2989,12,1,1
2989,14,1,1
2989,15,1,1
2989,16,1,1
2989,22,1,1
2990,6,1,0
2990,19,1,0
2991,7,1,1
2991,9,1,0
2991,12,1,0
2991,16,1,0
2991,22,1,1
2992,7,1,0
2993,7,1,0
2993,9,1,0
2993,12,1,0
2993,19,1,0
2993,22,1,0
2994,7,1,0
2994,14,1,0
2994,16,1,0
2994,22,1,0
2995,7,1,0
2995,14,1,0
2995,19,1,0
2996,7,1,0
2996,9,1,0
2996,16,1,0
2996,22,1,0
2997,7,1,0
2997,14,1,1
2998,7,1,0
2998,14,1,0
2998,19,1,1
2999,8,1,0
3000,8,1,0
3000,15,1,0
3001,9,1,0
3002,10,1,0
3003,10,1,0
3004,10,1,0
3005,10,1,1
3005,14,1,0
3006,11,1,1
3007,11,1,0
3008,11,1,0
3008,18,1,0
3009,11,1,0
3010,11,1,0
3011,12,1,0
3012,14,1,0
3013,14,1,0
3014,14,1,0
3015,14,1,0
3016,15,1,0
3016,22,1,0
3017,15,1,0
3018,17,1,1
3019,17,1,0
3020,17,1,0
3021,18,1,1
3022,18,1,0
3023,18,1,0
3024,18,1,0
3025,19,1,0
3026,22,1,0
3027,22,1,0
3028,22,1,0
3029,22,1,0
3030,1,1,0
3030,2,1,1
3030,4,1,1
3031,1,1,0
3032,1,1,1
3032,2,1,0
3033,1,1,0
3033,4,1,0
3034,1,1,0
3034,3,1,0
3035,2,1,0
3036,2,1,0
3036,2,2,0
3036,3,1,0
3036,4,1,0
3036,4,2,0
3037,3,1,0
3038,3,1,0
3039,3,1,1
3040,4,1,0
3041,6,1,0
3041,7,1,0
3041,8,1,0
3041,22,1,0
3042,6,1,0
3042,8,1,1
3042,19,1,0
3043,6,1,0
3043,8,1,0
3043,12,1,0
3043,19,1,0
3044,6,1,0
3044,8,1,0
3044,14,1,0
3045,6,1,1
3045,7,1,0
3045,9,1,0
3045,12,1,0
3045,16,1,0
3045,19,1,1
3045,22,1,0
3046,7,1,0
3046,8,1,0
3046,14,1,0
3046,15,1,0
3047,7,1,1
3047,9,1,1
3047,12,1,1
3047,14,1,1
3047,16,1,1
3047,22,1,1
3048,7,1,0
3048,9,1,0
3048,16,1,0
3048,22,1,0
3049,9,1,0
3049,16,1,0
3049,22,1,0
3050,9,1,0
3050,12,1,0
3050,16,1,0
3050,19,1,0
3051,10,1,1
3052,10,1,0
3053,10,1,0
3054,12,1,0
3054,19,1,0
3055,14,1,0
3056,14,1,0
3057,15,1,1
3058,15,1,0
3059,15,1,0
3060,15,1,0
3061,17,1,1
3062,17,1,0
3063,17,1,0
3064,17,1,0
3065,17,1,0
3066,18,1,0
3067,18,1,0
3068,18,1,0
3069,18,1,0
3070,18,1,1
3071,22,1,0
3072,22,1,1
3073,22,1,0
3074,22,1,0
3075,22,1,0
3076,1,1,1
3076,3,1,0
3077,1,1,0
3077,1,2,0
3077,4,1,0
3078,1,1,0
3078,2,1,1
3079,1,1,0
3080,2,1,0
3081,2,1,0
3082,2,1,0
3083,2,1,0
3083,4,1,1
3084,3,1,0
3084,4,1,0
3085,3,1,1
3086,3,1,0
3087,3,1,0
3087,4,1,0
3087,4,2,0
3088,6,1,0
3088,8,1,0
3089,6,1,0
3089,8,1,0
3090,6,1,0
3090,8,1,1
3091,6,1,1
3091,7,1,1
3091,12,1,0
3092,6,1,0
3092,8,1,0
3093,6,1,0
3093,7,1,1
3093,8,1,0
3093,9,1,0
3093,12,1,1
3093,14,1,1
3093,16,1,1
3093,22,1,1
3094,6,1,0
3094,8,1,0
3094,9,1,1
3094,12,1,0
3094,14,1,0
3094,16,1,0
3094,22,1,0
3095,6,1,1
3095,7,1,0
3095,8,1,1
3095,9,1,0
3095,14,1,1
3095,16,1,0
3095,19,1,1
3096,6,1,0
3096,22,1,0
3097,6,1,0
3097,7,1,0
3097,8,1,0
3097,12,1,0
3097,16,1,0
3097,19,1,0
3098,7,1,0
3098,22,1,0
3099,7,1,0
3100,7,1,0
3101,7,1,0
3102,7,1,0
3102,14,1,0
3102,19,1,0
3102,22,1,0
3103,7,1,0
3103,8,1,0
3103,9,1,0
3104,8,1,0
3105,9,1,0
3105,15,1,0
3105,16,1,0
3105,19,1,0
3105,22,1,0
3106,10,1,0
3107,10,1,1
3108,10,1,0
3109,11,1,0
3110,11,1,0
3110,18,1,0
3111,11,1,0
3112,11,1,0
3113,11,1,1
3114,12,1,0
3114,19,1,0
3114,22,1,1
3115,14,1,0
3116,14,1,0
3117,14,1,0
3118,14,1,0
3119,14,1,0
3119,15,1,0
3119,22,1,0
3120,14,1,0
3121,15,1,0
3121,22,1,0
3122,15,1,1
3123,15,1,0
3124,17,1,0
3125,17,1,0
3126,17,1,1
3127,18,1,1
3128,18,1,0
3129,18,1,0
3130,18,1,1
3131,18,1,0
3132,18,1,0
3133,22,1,0
3134,22,1,0
3135,22,1,0
3136,22,1,0
3137,22,1,0
3138,22,1,1
3139,1,1,1
3139,2,1,0
3139,4,1,0
3140,1,1,0
3141,1,1,0
3141,4,1,1
3142,1,1,0
3143,1,1,0
3144,2,1,0
3145,2,1,1
3146,2,1,0
3146,4,1,0
3147,2,1,0
3148,3,1,0
3149,3,1,0
3150,3,1,0
3151,3,1,1
3151,4,1,0
3152,3,1,0
3153,4,1,0
3154,6,1,0
3154,7,1,0
3154,12,1,0
3154,22,1,0
3155,6,1,0
3155,7,1,0
3155,8,1,1
3156,6,1,0
3156,14,1,0
3157,6,1,0
3157,7,1,0
3157,9,1,1
3157,16,1,1
3157,22,1,1
3158,6,1,1
3158,7,1,1
3158,8,1,0
3158,12,1,0
3158,14,1,0
3158,16,1,0
3159,6,1,0
3159,14,1,0
3159,15,1,0
3160,6,1,0
3160,7,1,0
3160,8,1,0
3160,14,1,0
3161,6,1,0
3161,7,1,0
3161,8,1,1
3161,14,1,1
3161,15,1,1
3161,16,1,0
3161,19,1,0
3162,6,1,1
3162,9,1,0
3162,12,1,1
3162,14,1,0
3162,16,1,0
3163,6,1,0
3163,7,1,1
3163,8,1,0
3164,7,1,0
3164,8,1,0
3165,7,1,0
3166,7,1,0
3166,12,1,0
3166,14,1,1
3166,19,1,1
3167,8,1,0
3168,8,1,0
3169,8,1,0
3169,22,1,1
3170,8,1,0
3171,9,1,0
3171,22,1,0
3172,9,1,0
3172,22,1,0
3173,9,1,0
3174,10,1,0
3175,10,1,1
3176,11,1,0
3176,18,1,0
3177,11,1,0
3177,18,1,1
3178,11,1,1
3179,12,1,0
3180,14,1,0
3181,14,1,0
3181,22,1,0
3182,14,1,0
3182,15,1,0
3182,19,1,0
3182,22,1,0
3182,22,2,1
3183,15,1,0
3184,15,1,0
3185,16,1,0
3185,19,1,0
3186,17,1,0
3187,17,1,0
3188,17,1,0
3189,17,1,1
3190,18,1,0
3191,18,1,1
3192,18,1,0
3193,18,1,0
3194,18,1,0
3195,18,1,0
3196,18,1,0
3197,19,1,0
3198,22,1,0
3199,22,1,0
3200,22,1,0
3201,22,1,0
3202,22,1,0
3203,22,1,0
3204,22,1,0
3205,1,1,0
3205,2,1,0
3206,1,1,1
3206,2,1,0
3206,2,2,0
3206,2,3,0
3206,4,1,1
3207,1,1,0
3207,3,1,1
3208,1,1,0
3208,3,1,0
3209,1,1,0
3210,2,1,1
3211,3,1,0
3212,3,1,0
3213,3,1,0
3214,4,1,0
3215,4,1,0
3216,4,1,0
3216,4,2,0
3217,6,1,0
3217,7,1,0
3217,9,1,0
3217,16,1,0
3217,22,1,1
3218,6,1,0
3218,7,1,0
3218,8,1,0
3219,6,1,0
3220,6,1,1
3220,7,1,1
3220,9,1,1
3220,12,1,1
3220,14,1,0
3220,16,1,1
3220,22,1,1
3221,6,1,0
3221,7,1,0
3221,8,1,1
3221,9,1,0
3221,22,1,0
3222,6,1,0
3222,8,1,0
3222,19,1,0
3223,6,1,0
3223,8,1,0
3224,6,1,0
3225,6,1,0
3225,8,1,0
3225,14,1,0
3225,15,1,0
3226,6,1,1
3226,12,1,0
3227,7,1,0
3228,7,1,0
3229,7,1,0
3229,9,1,0
3229,19,1,0
3229,22,1,0
3230,7,1,0
3230,12,1,0
3230,14,1,1
3230,16,1,0
3230,22,1,0
3231,7,1,0
3231,14,1,0
3232,7,1,1
3232,15,1,1
3232,16,1,0
3233,8,1,0
3234,8,1,0
3235,8,1,0
3236,8,1,1
3237,8,1,0
3237,14,1,0
3237,22,1,0
3238,9,1,0
3238,12,1,0
3238,14,1,1
3238,15,1,0
3239,10,1,0
3240,10,1,1
3241,11,1,0
3241,18,1,0
3242,11,1,0
3243,11,1,1
3244,12,1,0
3244,14,1,0
3244,16,1,0
3244,19,1,0
3244,22,1,0
3245,14,1,0
3245,22,1,0
3246,14,1,0
3247,14,1,0
3247,19,1,1
3247,22,1,0
3248,15,1,0
3249,15,1,0
3249,19,1,0
3250,17,1,0
3251,17,1,0
3252,17,1,0
3253,17,1,0
3254,17,1,1
3255,18,1,0
3256,18,1,0
3257,18,1,1
3258,18,1,0
3259,18,1,0
3260,18,1,1
3261,22,1,0
3262,22,1,1
3263,22,1,0
3264,22,1,0
3265,22,1,0
3266,22,1,0
3267,1,1,0
3268,1,1,0
3269,1,1,0
3269,1,2,0
3269,2,1,1
3269,3,1,0
3269,4,1,1
3270,1,1,1
3270,2,1,0
3271,2,1,0
3271,3,1,1
3272,2,1,0
3272,2,2,0
3273,3,1,0
3274,3,1,0
3274,4,1,0
3275,3,1,0
3276,4,1,0
3277,4,1,0
3278,4,1,0
3279,6,1,1
3279,7,1,0
3279,14,1,0
3279,16,1,0
3280,6,1,0
3280,7,1,0
3281,6,1,0
3281,8,1,0
3282,6,1,0
3282,7,1,0
3282,8,1,1
3282,9,1,0
3282,12,1,0
3282,16,1,0
3282,22,1,0
3282,22,2,1
3283,6,1,0
3283,22,1,1
3284,6,1,0
3284,19,1,0
3285,6,1,0
3285,7,1,0
3285,9,1,0
3285,14,1,1
3285,22,1,0
3286,6,1,1
3286,7,1,0
3286,8,1,1
3286,16,1,0
3287,6,1,0
3288,6,1,0
3288,8,1,0
3289,7,1,0
3290,7,1,1
3290,8,1,0
3290,9,1,1
3290,12,1,1
3290,14,1,0
3290,16,1,1
3290,19,1,1
3290,22,1,1
3291,7,1,0
3292,7,1,0
3293,7,1,1
3293,9,1,0
3293,16,1,0
3293,22,1,0
3294,8,1,0
3295,8,1,0
3296,8,1,0
3296,14,1,0
3296,22,1,0
3297,8,1,0
3297,14,1,1
3298,8,1,0
3299,9,1,0
3300,10,1,0
3301,10,1,1
3302,10,1,0
3303,11,1,1
3304,11,1,0
3305,11,1,0
3306,11,1,0
3307,11,1,0
3308,12,1,0
3309,12,1,0
3309,15,1,0
3310,12,1,0
3310,19,1,0
3311,14,1,0
3311,22,1,0
3312,14,1,0
3313,14,1,0
3313,15,1,1
3313,19,1,0
3314,14,1,0
3315,14,1,0
3316,15,1,0
3317,15,1,0
3318,15,1,0
3319,17,1,0
3320,17,1,0
3321,17,1,0
3322,17,1,0
3323,17,1,1
3324,18,1,0
3325,18,1,0
3326,18,1,0
3327,18,1,1
3328,18,1,0
3329,18,1,1
3330,18,1,0
3331,18,1,0
3332,18,1,0
3333,18,1,0
3334,19,1,0
3335,22,1,0
3336,22,1,0
3337,22,1,0
3338,22,1,0
3339,22,1,0
3340,22,1,0
3341,22,1,0
3342,1,1,0
3342,2,1,1
3343,1,1,1
3344,1,1,0
3344,4,1,1
3345,1,1,0
3345,4,1,0
3346,1,1,0
3347,2,1,0
3348,2,1,0
3349,2,1,0
3350,2,1,0
3350,3,1,0
3351,3,1,1
3351,4,1,0
3352,3,1,0
3353,3,1,0
3354,3,1,0
3354,4,1,0
3355,4,1,0
3356,6,1,1
3356,7,1,1
3356,8,1,1
3356,22,1,1
3357,6,1,0
3357,8,1,0
3358,6,1,0
3358,7,1,0
3358,8,1,0
3359,6,1,0
3360,6,1,0
3360,14,1,0
3360,22,1,0
3361,6,1,0
3361,7,1,0
3361,8,1,0
3361,14,1,0
3361,15,1,0
3361,19,1,0
3362,6,1,0
3362,8,1,0
3363,6,1,1
3363,8,1,1
3363,9,1,0
3363,12,1,0
3363,16,1,0
3364,6,1,0
3364,7,1,1
3364,9,1,1
3364,16,1,0
3364,19,1,0
3364,22,1,0
3365,6,1,0
3365,7,1,0
3366,7,1,0
3367,7,1,0
3367,10,1,0
3368,7,1,0
3368,8,1,0
3369,7,1,0
3369,14,1,0
3369,16,1,0
3370,7,1,0
3371,8,1,0
3372,8,1,0
3372,9,1,0
3372,12,1,0
3372,16,1,1
3372,22,1,1
3373,8,1,0
3373,14,1,1
3373,19,1,0
3374,9,1,0
3374,22,1,0
3375,9,1,0
3375,12,1,1
3375,14,1,1
3375,15,1,1
3375,16,1,0
3375,22,1,0
3376,10,1,0
3377,10,1,1
3378,11,1,0
3378,18,1,0
3379,11,1,0
3380,11,1,0
3381,11,1,1
3381,18,1,0
3382,12,1,0
3383,12,1,0
3384,14,1,0
3385,14,1,0
3386,14,1,0
3387,14,1,0
3388,14,1,0
3389,15,1,0
3390,15,1,0
3391,15,1,0
3392,17,1,1
3393,17,1,0
3394,17,1,0
3395,17,1,0
3396,17,1,0
3397,18,1,0
3398,18,1,0
3399,18,1,1
3400,18,1,0
3401,18,1,0
3402,18,1,0
3403,18,1,1
3404,19,1,1
3404,22,1,0
3405,19,1,0
3406,22,1,0
3407,22,1,0
3408,22,1,0
3409,22,1,0
3410,22,1,0
3411,22,1,0
3412,22,1,1
3413,22,1,0
3414,1,1,1
3414,3,1,0
3415,1,1,0
3415,2,1,1
3415,3,1,1
3415,4,1,1
3416,1,1,0
3416,3,1,0
3417,1,1,0
3418,1,1,0
3418,2,1,0
3418,4,1,0
3419,2,1,0
3419,2,2,0
3420,2,1,0
3421,3,1,0
3421,4,1,0
3422,3,1,0
3422,4,1,0
3423,4,1,0
3424,6,1,0
3425,6,1,0
3426,6,1,0
3426,22,1,0
3427,6,1,1
3427,7,1,0
3427,8,1,0
3427,9,1,0
3427,14,1,0
3427,16,1,0
3427,19,1,0
3427,22,1,0
3428,6,1,0
3429,6,1,1
3429,7,1,1
3429,8,1,1
3429,9,1,0
3429,12,1,0
3429,14,1,1
3429,16,1,1
3429,22,1,1
3430,6,1,0
3430,7,1,0
3430,8,1,0
3430,14,1,0
3430,22,1,0
3431,6,1,0
3431,14,1,0
3432,6,1,0
3432,7,1,0
3432,8,1,0
3432,12,1,0
3432,14,1,0
3432,16,1,0
3433,6,1,0
3433,8,1,0
3434,7,1,0
3434,14,1,0
3435,7,1,0
3435,22,1,0
3436,7,1,1
3436,8,1,1
3436,9,1,1
3436,12,1,1
3436,14,1,1
3436,16,1,0
3436,22,1,1
3437,7,1,0
3438,7,1,0
3438,14,1,0
3439,7,1,0
3440,8,1,0
3441,8,1,0
3442,8,1,0
3443,8,1,0
3443,14,1,0
3443,19,1,1
3444,9,1,0
3444,22,1,0
3445,9,1,0
3445,22,1,0
3446,10,1,0
3447,10,1,1
3448,11,1,1
3449,11,1,0
3450,11,1,0
3451,12,1,0
3451,16,1,0
3452,12,1,0
3452,22,1,0
3453,14,1,0
3454,15,1,1
3454,22,1,0
3455,15,1,0
3456,15,1,0
3457,15,1,0
3458,15,1,0
3459,17,1,0
3460,17,1,0
3461,17,1,1
3462,18,1,0
3463,18,1,0
3464,18,1,1
3465,18,1,0
3466,18,1,0
3467,18,1,1
3468,19,1,0
3469,19,1,0
3470,19,1,0
3471,22,1,0
3472,22,1,1
3473,22,1,0
3474,22,1,0
3475,22,1,0
3476,1,1,0
3477,1,1,1
3478,1,1,0
3478,2,1,0
3478,3,1,0
3478,4,1,0
3479,1,1,0
3479,4,1,1
3480,1,1,0
3481,2,1,0
3482,2,1,0
3483,2,1,0
3484,2,1,1
3484,3,1,0
3484,3,2,0
3484,4,1,0
3484,4,2,0
3485,3,1,1
3486,3,1,0
3486,4,1,0
3487,6,1,0
3487,7,1,0
3487,8,1,1
3487,9,1,1
3487,12,1,0
3487,14,1,0
3487,16,1,1
3487,19,1,1
3487,22,1,1
3488,6,1,0
3489,6,1,1
3489,7,1,0
3489,9,1,0
3489,12,1,0
3489,14,1,1
3489,16,1,0
3489,22,1,1
3490,6,1,0
3490,7,1,0
3490,12,1,0
3490,14,1,1
3491,6,1,0
3492,6,1,1
3492,7,1,0
3492,8,1,1
3492,14,1,0
3493,7,1,0
3493,9,1,0
3493,22,1,0
3494,7,1,0
3495,7,1,1
3495,9,1,0
3495,12,1,0
3496,7,1,0
3496,22,1,0
3497,7,1,0
3497,14,1,0
3498,7,1,1
3498,12,1,1
3498,16,1,0
3499,8,1,0
3499,9,1,0
3499,16,1,0
3499,22,1,0
3500,8,1,0
3501,8,1,0
3502,8,1,0
3503,10,1,1
3504,10,1,0
3505,11,1,0
3506,11,1,0
3507,11,1,1
3508,14,1,0
3509,14,1,0
3509,15,1,0
3509,19,1,0
3510,14,1,0
3511,14,1,0
3512,14,1,0
3513,15,1,0
3514,15,1,1
3515,15,1,0
3516,15,1,0
3517,16,1,0
3517,22,1,0
3518,17,1,1
3519,17,1,0
3520,17,1,0
3521,18,1,0
3522,18,1,1
3523,18,1,0
3524,18,1,0
3525,18,1,1
3526,18,1,0
3527,19,1,0
3528,19,1,0
3529,19,1,0
3530,22,1,0
3531,22,1,0
3532,22,1,0
3533,22,1,1
3534,22,1,0
3535,22,1,0
3536,22,1,0
3537,22,1,0
3538,22,1,0
3539,1,1,1
3539,2,1,0
3539,4,1,1
3540,1,1,0
3540,2,1,0
3541,1,1,0
3541,2,1,1
3542,1,1,0
3543,1,1,0
3544,2,1,0
3544,3,1,1
3545,2,1,0
3546,3,1,0
3546,4,1,0
3546,4,2,0
3547,3,1,0
3548,3,1,0
3549,3,1,0
3549,4,1,0
3549,4,2,0
3550,6,1,0
3550,7,1,0
3550,15,1,0
3550,22,1,0
3551,6,1,1
3551,7,1,0
3551,8,1,1
3551,9,1,0
3551,14,1,1
3551,16,1,0
3552,6,1,0
3553,6,1,0
3553,8,1,1
3554,6,1,1
3554,7,1,0
3555,6,1,0
3556,7,1,1
3556,9,1,0
3556,12,1,0
3556,16,1,0
3556,22,1,1
3557,7,1,0
3557,12,1,1
3557,14,1,0
3557,22,1,0
3558,7,1,0
3558,8,1,0
3559,7,1,0
3560,7,1,0
3560,14,1,0
3560,22,1,0
3561,7,1,0
3562,7,1,1
3563,8,1,0
3564,9,1,0
3564,12,1,0
3564,16,1,1
3564,22,1,0
3565,9,1,0
3565,22,1,0
3566,9,1,1
3566,16,1,0
3566,22,1,1
3567,10,1,1
3568,10,1,0
3569,11,1,1
3570,11,1,0
3571,11,1,0
3572,11,1,1
3573,12,1,0
3573,19,1,0
3573,22,1,0
3574,12,1,0
3575,14,1,0
3576,14,1,0
3577,14,1,1
3578,15,1,1
3579,15,1,0
3580,15,1,0
3581,15,1,0
3582,16,1,0
3582,19,1,1
3583,17,1,0
3584,17,1,1
3585,17,1,0
3586,17,1,0
3587,17,1,0
3588,18,1,1
3589,18,1,0
3590,18,1,0
3591,18,1,0
3592,18,1,0
3593,18,1,0
3594,18,1,0
3595,18,1,0
3596,18,1,0
3597,18,1,1
3598,19,1,0
3599,22,1,0
3600,22,1,1
3601,22,1,0
3602,22,1,0
3603,22,1,0
3604,22,1,0
3605,22,1,0
3606,1,1,0
3606,2,1,0
3606,3,1,1
3606,4,1,0
3607,1,1,0
3608,1,1,0
3609,1,1,1
3609,4,1,0
3610,1,1,0
3611,2,1,0
3611,3,1,0
3612,2,1,0
3612,3,1,0
3612,4,1,0
3612,4,2,0
3613,2,1,1
3614,2,1,0
3615,3,1,0
3616,3,1,0
3617,4,1,1
3618,6,1,1
3618,8,1,1
3618,9,1,0
3618,14,1,0
3618,16,1,1
3619,6,1,0
3619,7,1,0
3619,9,1,0
3619,12,1,0
3619,14,1,0
3619,16,1,0
3619,19,1,0
3619,22,1,0
3620,6,1,0
3620,7,1,1
3620,8,1,1
3620,12,1,0
3620,14,1,0
3621,6,1,1
3621,12,1,0
3621,14,1,1
3621,16,1,0
3621,22,1,0
3622,7,1,0
3622,22,1,0
3623,7,1,0
3624,7,1,1
3624,12,1,1
3624,22,1,0
3625,7,1,0
3626,7,1,0
3627,7,1,0
3628,7,1,0
3629,8,1,0
3630,8,1,0
3630,14,1,0
3631,9,1,0
3631,22,1,1
3631,22,2,0
3632,9,1,0
3632,14,1,0
3632,16,1,0
3632,19,1,1
3632,22,1,0
3633,9,1,1
3633,16,1,0
3633,22,1,1
3634,10,1,0
3635,10,1,1
3636,11,1,0
3637,11,1,0
3638,11,1,1
3639,12,1,0
3639,22,1,0
3640,14,1,1
3641,14,1,0
3642,14,1,0
3642,15,1,0
3643,14,1,0
3644,15,1,1
3645,15,1,0
3646,15,1,0
3647,15,1,0
3648,17,1,1
3649,17,1,0
3650,17,1,0
3651,17,1,0
3652,17,1,0
3653,18,1,0
3654,18,1,0
3655,18,1,0
3656,18,1,1
3657,18,1,0
3658,18,1,0
3659,18,1,0
3660,18,1,0
3661,18,1,1
3662,18,1,0
3663,19,1,0
3664,22,1,0
3665,1,1,1
3666,1,1,0
3667,1,1,0
3667,3,1,0
3667,4,1,0
3667,4,2,1
3668,1,1,0
3669,1,1,0
3669,3,1,0
3670,2,1,0
3670,3,1,1
3671,2,1,0
3672,2,1,1
3673,2,1,0
3673,4,1,0
3674,2,1,0
3675,3,1,0
3676,3,1,0
3677,4,1,0
3678,4,1,0
3679,6,1,0
3680,6,1,1
3680,7,1,1
3680,9,1,0
3680,16,1,0
3680,22,1,0
3681,6,1,1
3681,7,1,1
3682,6,1,0
3682,7,1,0
3682,14,1,0
3683,7,1,0
3684,7,1,0
3684,12,1,0
3684,19,1,0
3685,7,1,0
3685,14,1,1
3685,15,1,0
3686,9,1,0
3686,12,1,0
3686,14,1,0
3686,16,1,0
3686,19,1,1
3687,9,1,0
3687,16,1,0
3687,22,1,0
3688,9,1,0
3688,14,1,1
3688,22,1,0
3689,9,1,1
3689,12,1,0
3689,16,1,1
3689,22,1,0
3690,10,1,1
3691,10,1,0
3692,10,1,0
3693,11,1,1
3694,11,1,0
3695,11,1,0
3696,12,1,1
3696,22,1,0
3697,12,1,0
3698,14,1,0
3699,14,1,0
3700,14,1,0
3701,14,1,0
3702,14,1,0
3703,14,1,0
3703,15,1,1
3704,15,1,0
3705,15,1,0
3706,15,1,0
3707,16,1,0
3707,22,1,1
3707,22,2,1
3708,17,1,0
3709,17,1,0
3710,17,1,0
3711,17,1,0
3712,17,1,1
3713,18,1,0
3714,18,1,1
3715,18,1,0
3716,18,1,0
3717,18,1,0
3718,18,1,0
3719,18,1,1
3720,18,1,0
3721,18,1,0
3722,18,1,0
3723,19,1,0
3724,22,1,0
3725,22,1,0
3726,22,1,0
3727,22,1,0
3728,22,1,1
3729,22,1,0
3730,22,1,0
3731,22,1,0
3732,1,1,1
3732,2,1,1
3733,1,1,0
3734,1,1,0
3734,2,1,0
3735,1,1,0
3735,3,1,0
3736,1,1,0
3737,2,1,0
3738,2,1,0
3739,2,1,0
3739,4,1,1
3740,3,1,1
3741,3,1,0
3742,3,1,0
3742,4,1,0
3743,3,1,0
3744,4,1,0
3745,4,1,0
3746,4,1,0
3747,6,1,1
3747,7,1,1
3747,14,1,0
3747,22,1,0
3748,6,1,0
3749,6,1,0
3749,16,1,0
3750,6,1,0
3751,6,1,0
3751,14,1,0
3751,16,1,0
3752,6,1,1
3752,7,1,1
3752,9,1,0
3752,12,1,0
3752,16,1,0
3753,7,1,0
3754,7,1,0
3754,12,1,0
3754,14,1,1
3754,19,1,1
3755,9,1,1
3755,12,1,1
3755,14,1,1
3755,16,1,1
3755,19,1,0
3755,22,1,1
3756,9,1,0
3756,22,1,0
3757,9,1,0
3757,12,1,0
3757,16,1,0
3757,19,1,0
3758,9,1,0
3758,12,1,0
3758,14,1,0
3758,22,1,0
3759,11,1,0
3760,11,1,0
3761,11,1,0
3762,11,1,1
3763,11,1,0
3764,14,1,0
3765,14,1,0
3765,15,1,0
3766,14,1,0
3766,15,1,0
3767,14,1,0
3767,15,1,1
3768,14,1,0
3769,15,1,0
3770,15,1,0
3771,17,1,1
3772,17,1,0
3773,17,1,0
3774,17,1,0
3775,17,1,0
3776,18,1,0
3777,18,1,1
3778,18,1,0
3779,18,1,0
3780,18,1,0
3781,18,1,1
3782,18,1,0
3783,18,1,0
3784,18,1,0
3785,22,1,0
3786,22,1,0
3787,22,1,0
3788,22,1,0
3789,22,1,1
3790,22,1,0
3791,22,1,0
3792,22,1,0
3793,22,1,0
3794,22,1,1
3795,22,1,0
3796,1,1,0
3796,3,1,0
3797,1,1,0
3798,1,1,1
3799,1,1,0
3800,1,1,0
3801,2,1,0
3802,2,1,0
3802,4,1,0
3803,2,1,1
3804,2,1,0
3805,2,1,0
3806,3,1,1
3806,4,1,0
3806,4,2,0
3807,3,1,0
3808,3,1,0
3809,3,1,0
3810,4,1,0
3811,4,1,1
3812,6,1,1
3813,6,1,0
3814,6,1,0
3814,7,1,0
3814,14,1,0
3815,6,1,0
3815,14,1,0
3815,15,1,0
3816,6,1,0
3816,7,1,1
3817,6,1,1
3818,6,1,0
3818,7,1,1
3818,19,1,0
3819,6,1,0
3819,7,1,0
3819,9,1,0
3819,12,1,1
3820,6,1,0
3820,15,1,0
3821,6,1,0
3822,7,1,0
3822,9,1,1
3822,12,1,0
3822,14,1,0
3822,16,1,1
3822,22,1,1
3823,7,1,0
3823,16,1,0
3823,22,1,0
3824,7,1,0
3824,9,1,0
3824,14,1,1
3824,16,1,0
3825,7,1,0
3825,14,1,1
3825,15,1,0
3825,16,1,0
3826,7,1,0
3826,12,1,0
3826,14,1,0
3826,19,1,0
3826,22,1,0
3827,7,1,0
3828,9,1,0
3828,12,1,0
3828,14,1,0
3828,15,1,0
3828,16,1,0
3828,19,1,1
3829,9,1,0
3829,14,1,0
3829,19,1,0
3830,10,1,0
3831,10,1,1
3832,11,1,1
3833,11,1,0
3834,11,1,0
3835,12,1,0
3835,14,1,0
3835,22,1,0
3836,14,1,0
3837,14,1,0
3838,14,1,0
3839,14,1,0
3839,19,1,0
3840,14,1,0
3841,14,1,0
3841,15,1,0
3841,22,1,0
3842,14,1,0
3843,14,1,0
3844,14,1,0
3845,14,1,0
3846,14,1,0
3847,14,1,0
3848,14,1,0
3849,14,1,0
3849,15,1,0
3850,14,1,0
3850,15,1,0
3851,14,1,0
3852,14,1,0
3853,14,1,0
3853,19,1,0
3854,14,1,0
3854,15,1,1
3855,14,1,0
3856,14,1,0
3856,19,1,0
3857,14,1,0
3857,15,1,0
3858,14,1,0
3858,15,1,0
3859,14,1,0
3859,15,1,0
3859,19,1,0
3860,15,1,0
3861,15,1,0
3862,15,1,0
3863,17,1,0
3864,17,1,0
3865,17,1,0
3866,17,1,0
3867,17,1,0
3868,17,1,1
3869,17,1,0
3870,18,1,0
3871,18,1,0
3872,18,1,1
3873,18,1,0
3874,18,1,0
3875,18,1,0
3876,18,1,0
3877,18,1,0
3878,18,1,0
3879,18,1,1
3880,19,1,0
3881,19,1,0
3882,19,1,0
3883,19,1,0
3884,22,1,0
3885,22,1,1
3886,22,1,0
3887,22,1,0
3888,22,1,1
3889,22,1,0
3890,22,1,0
3891,22,1,0
3892,22,1,0
3893,22,1,0
3894,1,1,0
3894,3,1,1
3894,4,1,0
3895,1,1,1
3895,1,2,0
3895,2,1,1
3896,1,1,0
3896,4,1,1
3897,1,1,0
3898,2,1,0
3899,2,1,0
3899,3,1,0
3900,2,1,0
3901,2,1,0
3901,3,1,0
3901,4,1,0
3902,3,1,0
3902,4,1,0
3903,3,1,0
3904,4,1,0
3905,6,1,0
3905,14,1,0
3906,6,1,0
3906,14,1,0
3907,6,1,0
3907,14,1,0
3907,19,1,0
3908,6,1,1
3908,7,1,0
3908,16,1,0
3908,22,1,0
3909,6,1,0
3909,7,1,1
3909,9,1,0
3909,22,1,0
3910,6,1,0
3911,6,1,0
3911,7,1,0
3911,12,1,0
3911,14,1,1
3911,16,1,0
3912,6,1,0
3913,6,1,0
3914,6,1,0
3914,7,1,0
3914,14,1,1
3914,15,1,0
3914,19,1,0
3915,6,1,0
3916,6,1,0
3916,7,1,0
3916,14,1,0
3916,19,1,0
3917,6,1,0
3917,7,1,0
3917,14,1,0
3918,6,1,0
3918,14,1,0
3919,6,1,1
3919,7,1,1
3919,9,1,0
3919,12,1,1
3919,14,1,0
3919,16,1,0
3919,19,1,1
3919,22,1,1
3920,7,1,0
3920,9,1,0
3920,14,1,0
3920,16,1,0
3920,19,1,0
3920,22,1,0
3921,7,1,0
3922,7,1,0
3922,9,1,1
3922,12,1,0
3922,15,1,1
3922,16,1,1
3922,22,1,1
3922,22,2,1
3923,7,1,0
3923,9,1,0
3923,22,1,0
3924,7,1,0
3925,7,1,0
3926,7,1,0
3927,7,1,0
3928,7,1,0
3928,14,1,0
3928,15,1,0
3928,22,1,0
3929,10,1,1
3930,10,1,0
3931,11,1,0
3932,11,1,0
3933,11,1,1
3934,12,1,0
3935,12,1,0
3935,14,1,0
3936,14,1,0
3937,14,1,0
3938,14,1,0
3939,14,1,0
3940,14,1,0
3940,19,1,0
3941,14,1,0
3942,14,1,0
3943,14,1,0
3944,14,1,0
3945,14,1,0
3945,19,1,0
3946,14,1,0
3947,14,1,0
3947,15,1,0
3947,19,1,0
3948,14,1,0
3948,15,1,0
3949,14,1,0
3949,15,1,0
3949,19,1,0
3950,14,1,0
3951,14,1,0
3952,14,1,0
3952,15,1,0
3953,14,1,0
3954,14,1,0
3954,15,1,0
3955,14,1,0
3956,14,1,0
3956,15,1,0
3957,14,1,0
3957,15,1,0
3958,15,1,0
3959,15,1,0
3960,17,1,0
3961,17,1,0
3962,17,1,0
3963,17,1,0
3964,17,1,1
3965,17,1,0
3966,17,1,0
3967,18,1,0
3968,18,1,0
3969,18,1,0
3970,18,1,1
3971,18,1,0
3972,18,1,1
3973,18,1,0
3974,19,1,0
3975,19,1,0
3976,22,1,0
3977,22,1,0
3978,22,1,0
3979,22,1,0
3980,22,1,0
3981,22,1,0
3982,22,1,0
3983,1,1,0
3983,2,1,0
3984,1,1,0
3984,2,1,0
3984,3,1,0
3984,4,1,1
3985,1,1,1
3985,4,1,0
3986,1,1,0
3986,3,1,0
3987,1,1,0
3988,2,1,0
3988,3,1,1
3988,4,1,0
3988,4,2,0
3989,2,1,1
3989,3,1,0
3990,2,1,0
3991,3,1,0
3992,4,1,0
3993,6,1,0
3993,7,1,0
3993,12,1,0
3994,6,1,0
3995,6,1,0
3995,7,1,0
3995,14,1,0
3995,16,1,0
3995,19,1,0
3996,6,1,0
3997,6,1,0
3997,7,1,0
3997,14,1,0
3997,19,1,0
3997,22,1,0
3998,6,1,1
3998,7,1,1
3998,9,1,0
3998,12,1,0
3998,14,1,1
3998,16,1,0
3998,19,1,0
3998,22,1,0
3999,6,1,0
3999,7,1,0
3999,12,1,0
3999,14,1,0
3999,16,1,0
4000,6,1,0
4001,6,1,1
4001,7,1,1
4001,14,1,0
4001,19,1,0
4002,6,1,0
4002,14,1,1
4002,19,1,0
4003,6,1,0
4003,7,1,0
4003,14,1,0
4004,7,1,0
4004,12,1,1
4004,22,1,0
4005,7,1,0
4005,9,1,1
4005,12,1,0
4005,14,1,0
4005,16,1,1
4005,22,1,1
4006,7,1,0
4007,7,1,0
4007,9,1,0
4007,16,1,0
4007,22,1,1
4008,7,1,0
4008,19,1,0
4009,7,1,0
4009,22,1,0
4010,7,1,0
4010,9,1,0
4010,16,1,0
4011,7,1,0
4011,15,1,1
4012,7,1,0
4013,9,1,0
4013,16,1,0
4013,22,1,0
4013,22,2,0
4014,10,1,0
4015,10,1,0
4016,10,1,1
4017,10,1,0
4018,10,1,0
4019,10,1,0
4020,10,1,0
4021,10,1,0
4022,11,1,0
4023,11,1,0
4024,11,1,0
4025,11,1,1
4026,11,1,0
4027,11,1,0
4028,11,1,0
4029,11,1,0
4030,11,1,0
4031,11,1,0
4032,11,1,0
4033,11,1,0
4034,11,1,0
4035,11,1,0
4036,11,1,0
4037,11,1,0
4038,11,1,0
4039,11,1,0
4040,11,1,0
4041,11,1,0
4042,11,1,0
4043,14,1,0
4044,14,1,0
4045,14,1,0
4046,14,1,0
4046,19,1,0
4047,14,1,0
4048,14,1,0
4048,19,1,0
4049,14,1,0
4050,14,1,0
4051,14,1,0
4052,14,1,0
4053,14,1,0
4054,14,1,0
4055,14,1,0
4055,15,1,0
4056,14,1,0
4056,15,1,0
4056,19,1,0
4057,14,1,0
4057,15,1,0
4058,14,1,0
4058,15,1,0
4059,14,1,0
4059,15,1,0
4060,14,1,0
4060,15,1,0
4061,15,1,0
4062,15,1,0
4063,15,1,0
4064,16,1,0
4064,22,1,0
4065,16,1,0
4066,16,1,0
4066,22,1,0
4067,17,1,0
4068,17,1,0
4069,17,1,0
4070,17,1,0
4071,17,1,0
4072,17,1,1
4073,18,1,1
4074,18,1,0
4075,18,1,0
4076,18,1,0
4077,18,1,0
4078,18,1,1
4079,18,1,0
4080,18,1,0
4081,18,1,0
4082,19,1,0
4083,19,1,0
4084,19,1,1
4085,22,1,0
4086,22,1,0
4087,22,1,0
4088,22,1,1
4089,22,1,0
4090,1,1,1
4090,2,1,0
4091,1,1,0
4091,4,1,0
4092,1,1,0
4092,3,1,0
4093,1,1,0
4093,2,1,0
4093,3,1,1
4093,4,1,1
4093,4,2,0
4094,1,1,0
4095,2,1,0
4096,2,1,1
4097,2,1,0
4098,3,1,0
4098,4,1,0
4099,3,1,0
4100,3,1,0
4101,4,1,0
4102,6,1,0
4103,6,1,0
4103,7,1,0
4103,16,1,0
4104,6,1,0
4104,7,1,0
4104,12,1,1
4104,14,1,0
4104,16,1,0
4104,19,1,0
4104,22,1,0
4104,22,2,0
4105,6,1,0
4105,9,1,0
4105,14,1,0
4105,16,1,0
4105,22,1,0
4106,6,1,0
4106,14,1,0
4107,6,1,0
4107,14,1,0
4108,6,1,0
4109,6,1,0
4109,7,1,0
4109,14,1,0
4110,6,1,0
4110,7,1,0
4110,12,1,0
4110,14,1,0
4110,16,1,0
4110,22,1,0
4110,22,2,0
4111,6,1,1
4111,7,1,0
4111,12,1,0
4111,19,1,0
4112,6,1,0
4112,7,1,0
4112,14,1,0
4112,19,1,0
4113,6,1,0
4113,7,1,0
4114,6,1,0
4114,7,1,0
4114,14,1,0
4115,6,1,1
4115,14,1,0
4116,6,1,0
4116,7,1,0
4117,7,1,0
4117,9,1,0
4117,16,1,0
4118,7,1,1
4118,9,1,1
4118,12,1,0
4118,16,1,1
4118,19,1,0
4118,22,1,1
4119,7,1,0
4120,7,1,0
4120,16,1,0
4121,7,1,0
4122,7,1,1
4122,14,1,0
4123,7,1,0
4124,9,1,0
4124,16,1,0
4124,22,1,0
4125,9,1,0
4125,12,1,0
4125,14,1,1
4125,16,1,0
4125,19,1,1
4125,22,1,0
4126,23,1,0
4127,23,1,1
4128,23,1,0
4129,23,1,0
4130,23,1,0
4131,23,1,0
4132,23,1,0
4133,23,1,0
4134,23,1,0
4135,23,1,0
4136,23,1,1
4137,23,1,0
4138,23,1,0
4139,23,1,0
4140,23,1,0
4141,23,1,0
4142,23,1,1
4143,23,1,0
4144,23,1,1
4145,23,1,0
4146,23,1,0
4147,23,1,0
4148,23,1,0
4149,23,1,0
4150,23,1,0
4151,14,1,0
4151,15,1,0
4151,19,1,0
4152,14,1,0
4153,14,1,0
4153,19,1,0
4154,14,1,0
4154,19,1,0
4155,14,1,0
4156,14,1,0
4157,14,1,0
4158,14,1,1
4159,14,1,0
4160,14,1,0
4160,15,1,0
4161,14,1,0
4162,14,1,0
4162,15,1,1
4162,22,1,0
4163,14,1,0
4164,14,1,0
4165,14,1,0
4165,15,1,0
4165,19,1,0
4166,15,1,0
4167,15,1,0
4168,15,1,0
4169,15,1,0
4170,15,1,0
4171,15,1,0
4172,16,1,0
4172,22,1,0
4172,22,2,1
4173,17,1,0
4174,17,1,0
4175,17,1,1
4176,17,1,0
4177,17,1,0
4178,17,1,0
4179,18,1,0
4180,18,1,0
4181,18,1,1
4182,18,1,0
4183,18,1,1
4184,18,1,0
4185,18,1,0
4186,19,1,0
4187,19,1,0
4188,19,1,0
4188,22,1,0
4189,22,1,0
4190,22,1,0
4191,22,1,1
4192,1,1,1
4192,2,1,0
4192,4,1,0
4193,1,1,0
4194,1,1,0
4195,1,1,0
4195,2,1,0
4196,1,1,0
4197,2,1,0
4198,2,1,1
4198,4,1,0
4199,2,1,0
4200,3,1,0
4200,4,1,0
4200,4,2,0
4201,3,1,0
4202,3,1,1
4203,3,1,0
4204,3,1,0
4205,4,1,1
4206,6,1,0
4206,7,1,0
4206,9,1,0
4206,12,1,0
4206,14,1,0
4206,16,1,0
4206,19,1,0
4206,22,1,1
4207,6,1,0
4208,6,1,0
4208,7,1,0
4208,14,1,0
4208,16,1,0
4208,22,1,0
4209,6,1,1
4209,7,1,1
4209,9,1,1
4209,12,1,0
4209,14,1,0
4209,16,1,1
4209,19,1,0
4209,22,1,0
4210,6,1,0
4210,14,1,0
4211,6,1,0
4211,9,1,0
4211,12,1,0
4211,14,1,0
4211,16,1,0
4211,22,1,0
4212,6,1,0
4212,7,1,0
4212,9,1,0
4212,12,1,1
4212,14,1,0
4212,16,1,0
4212,19,1,0
4212,22,1,0
4213,6,1,0
4214,6,1,0
4214,7,1,0
4214,14,1,0
4215,6,1,0
4215,7,1,0
4215,19,1,1
4216,6,1,0
4217,6,1,0
4217,7,1,1
4218,6,1,1
4218,7,1,0
4218,16,1,0
4219,6,1,0
4219,7,1,0
4220,7,1,0
4220,14,1,0
4220,19,1,0
4221,7,1,0
4221,12,1,0
4221,14,1,0
4222,7,1,0
4222,9,1,0
4222,16,1,0
4222,22,1,1
4222,22,2,1
4223,7,1,0
4223,14,1,0
4223,15,1,0
4224,7,1,0
4225,7,1,0
4226,7,1,0
4227,10,1,1
4228,10,1,1
4229,11,1,0
4230,11,1,0
4231,11,1,0
4232,11,1,1
4233,11,1,0
4234,11,1,0
4235,11,1,0
4236,11,1,0
4237,11,1,0
4238,11,1,0
4239,11,1,0
4240,14,1,1
4241,14,1,0
4242,14,1,0
4242,19,1,0
4242,22,1,0
4243,14,1,0
4244,14,1,0
4245,14,1,0
4246,14,1,0
4247,14,1,0
4248,14,1,0
4248,16,1,0
4249,14,1,0
4250,14,1,0
4251,14,1,0
4252,14,1,0
4252,15,1,0
4253,14,1,0
4254,14,1,0
4254,15,1,0
4255,14,1,1
4255,15,1,0
4256,14,1,0
4257,14,1,0
4258,14,1,0
4259,14,1,0
4259,15,1,0
4260,15,1,0
4261,15,1,0
4262,15,1,0
4263,15,1,1
4264,16,1,0
4264,22,1,0
4265,16,1,0
4266,17,1,0
4267,17,1,0
4268,17,1,0
4269,17,1,1
4270,17,1,0
4271,17,1,0
4272,17,1,0
4273,17,1,0
4274,17,1,0
4275,17,1,0
4276,18,1,0
4277,18,1,0
4278,18,1,0
4279,18,1,0
4280,18,1,0
4281,18,1,1
4282,18,1,0
4283,18,1,0
4284,18,1,0
4285,18,1,0
4286,18,1,1
4287,18,1,0
4288,19,1,0
4289,19,1,0
4290,19,1,0
4291,19,1,0
4292,19,1,0
4293,22,1,0
4294,22,1,0
4295,22,1,0
4296,22,1,0
4297,22,1,0
4298,22,1,0
4299,1,1,0
4299,2,1,0
4300,1,1,0
4300,4,1,1
4301,1,1,0
4302,1,1,0
4302,3,1,0
4302,4,1,0
4303,1,1,1
4303,3,1,0
4303,4,1,0
4304,2,1,0
4305,2,1,1
4306,2,1,0
4307,2,1,0
4307,3,1,0
4308,3,1,1
4309,3,1,0
4310,4,1,0
4311,4,1,0
4312,6,1,0
4312,7,1,0
4312,14,1,0
4312,22,1,1
4313,6,1,0
4313,14,1,0
4314,6,1,0
4315,6,1,0
4315,14,1,0
4316,6,1,0
4316,7,1,0
4316,16,1,0
4316,22,1,0
4317,6,1,0
4318,6,1,0
4318,14,1,0
4318,22,1,0
4319,6,1,0
4320,6,1,0
4320,14,1,0
4320,14,2,0
4320,16,1,0
4320,19,1,0
4321,6,1,1
4322,6,1,0
4322,7,1,1
4322,9,1,0
4322,12,1,0
4322,14,1,0
4322,16,1,1
4322,22,1,0
4323,6,1,0
4323,14,1,0
4323,19,1,0
4324,6,1,0
4324,22,1,0
4325,6,1,0
4325,7,1,0
4326,6,1,0
4326,7,1,0
4326,15,1,0
4327,6,1,0
4327,7,1,0
4327,12,1,1
4327,14,1,0
4327,19,1,0
4328,6,1,1
4328,7,1,1
4328,14,1,0
4329,7,1,0
4330,7,1,0
4330,16,1,0
4331,7,1,0
4332,7,1,0
4332,9,1,0
4332,12,1,0
4332,14,1,0
4332,16,1,0
4333,7,1,0
4333,12,1,0
4333,14,1,0
4333,16,1,0
4333,22,1,0
4334,7,1,0
4334,14,1,0
4334,15,1,0
4334,19,1,0
4335,7,1,0
4335,14,1,0
4336,7,1,0
4337,7,1,0
4338,9,1,1
4338,12,1,0
4338,16,1,0
4338,19,1,0
4338,22,1,0
4339,9,1,0
4339,16,1,0
4339,19,1,0
4339,22,1,0
4340,9,1,0
4340,16,1,0
4340,22,1,1
4341,14,1,0
4342,14,1,0
4342,16,1,0
4342,22,1,0
4343,14,1,0
4344,14,1,0
4344,19,1,0
4345,14,1,0
4346,14,1,0
4347,14,1,1
4347,15,1,1
4348,14,1,0
4348,15,1,0
4349,14,1,0
4350,14,1,0
4350,15,1,0
4351,14,1,0
4351,15,1,0
4351,19,1,1
4352,14,1,1
4353,15,1,0
4354,15,1,0
4355,15,1,0
4356,17,1,1
4357,17,1,0
4358,17,1,0
4359,18,1,0
4360,18,1,0
4361,18,1,1
4362,18,1,0
4363,18,1,0
4364,18,1,0
4365,18,1,1
4366,19,1,0
4367,19,1,0
4368,19,1,0
4369,22,1,0
4370,22,1,0
4371,22,1,1
4372,22,1,0
4373,22,1,0
4374,1,1,1
4374,3,1,0
4375,1,1,0
4375,3,1,1
4375,4,1,1
4375,4,2,0
4376,1,1,0
4376,4,1,0
4377,1,1,0
4378,1,1,0
4378,2,1,0
4378,2,2,0
4379,2,1,0
4380,2,1,0
4381,2,1,1
4382,3,1,0
4383,3,1,0
4383,4,1,0
4384,3,1,0
4385,4,1,0
4386,6,1,0
4387,6,1,0
4388,6,1,0
4388,7,1,0
4388,14,1,0
4389,6,1,1
4389,7,1,1
4389,9,1,1
4389,12,1,1
4389,14,1,0
4389,16,1,1
4389,19,1,0
4389,22,1,1
4390,6,1,0
4390,15,1,0
4390,16,1,0
4390,22,1,0
4391,6,1,0
4391,14,1,0
4391,19,1,0
4392,6,1,0
4392,9,1,0
4392,12,1,0
4392,14,1,0
4392,16,1,0
4392,19,1,0
4392,22,1,0
4392,22,2,1
4393,6,1,0
4393,7,1,0
4393,14,1,0
4393,19,1,0
4394,6,1,0
4394,7,1,0
4394,12,1,0
4394,14,1,0
4394,19,1,0
4395,6,1,0
4395,7,1,0
4395,9,1,0
4395,12,1,0
4395,14,1,1
4395,16,1,0
4396,6,1,0
4396,7,1,0
4396,14,1,1
4396,15,1,1
4396,16,1,0
4397,6,1,0
4397,7,1,1
4397,9,1,0
4397,14,1,0
4397,16,1,0
4397,22,1,0
4398,7,1,0
4398,14,1,0
4398,19,1,0
4399,7,1,0
4400,7,1,0
4400,14,1,0
4401,7,1,0
4402,7,1,0
4403,7,1,0
4403,14,1,0
4403,14,2,0
4403,16,1,0
4403,19,1,0
4404,7,1,0
4405,7,1,0
4406,7,1,0
4407,7,1,0
4408,9,1,0
4408,12,1,0
4408,16,1,0
4408,19,1,0
4408,22,1,0
4409,14,1,0
4409,16,1,0
4410,14,1,0
4411,14,1,0
4412,14,1,0
4412,15,1,0
4413,14,1,0
4414,14,1,0
4415,14,1,0
4416,14,1,0
4416,19,1,0
4417,14,1,0
4418,14,1,0
4419,14,1,0
4420,14,1,0
4421,15,1,0
4422,16,1,0
4422,22,1,0
4422,22,2,0
4423,17,1,0
4424,17,1,0
4425,17,1,0
4426,17,1,1
4427,18,1,1
4428,18,1,0
4429,18,1,0
4430,18,1,0
4431,18,1,0
4432,18,1,0
4433,18,1,1
4434,19,1,0
4435,19,1,1
4436,22,1,0
4437,22,1,0
4438,1,1,0
4438,2,1,0
4439,1,1,0
4440,1,1,0
4441,1,1,0
4441,3,1,0
4442,1,1,1
4443,2,1,1
4444,2,1,0
4445,2,1,0
4445,3,1,0
4446,2,1,0
4447,3,1,0
4448,3,1,1
4448,4,1,1
4449,3,1,0
4450,4,1,0
4451,4,1,0
4452,4,1,0
4453,4,1,0
4454,5,1,1
4455,6,1,1
4455,12,1,1
4455,14,1,1
4455,16,1,0
4456,6,1,0
4457,6,1,0
4457,12,1,0
4457,14,1,1
4457,15,1,0
4457,16,1,0
4457,22,1,0
4458,6,1,0
4458,7,1,0
4459,6,1,0
4459,14,1,0
4459,15,1,0
4460,6,1,0
4460,14,1,0
4461,6,1,0
4462,6,1,0
4462,14,1,0
4462,19,1,0
4463,6,1,0
4463,7,1,0
4463,14,1,0
4463,22,1,0
4464,6,1,0
4464,14,1,0
4465,6,1,0
4465,7,1,0
4465,15,1,0
4465,19,1,0
4466,7,1,0
4466,14,1,0
4466,19,1,0
4467,7,1,0
4468,7,1,1
4468,12,1,0
4469,7,1,0
4469,14,1,0
4469,16,1,0
4470,7,1,0
4470,14,1,0
4470,19,1,0
4471,7,1,0
4471,19,1,0
4472,7,1,0
4472,9,1,1
4472,12,1,0
4472,16,1,1
4472,19,1,0
4472,22,1,0
4473,7,1,0
4473,14,1,0
4473,14,2,0
4474,7,1,1
4474,14,1,0
4474,19,1,0
4475,9,1,0
4475,22,1,0
4476,9,1,0
4476,16,1,0
4476,22,1,0
4476,22,2,1
4477,9,1,0
4477,16,1,0
4477,22,1,0
4478,9,1,0
4478,16,1,0
4478,19,1,0
4478,22,1,0
4479,12,1,0
4479,16,1,0
4479,22,1,0
4480,14,1,0
4481,14,1,0
4481,22,1,0
4482,14,1,0
4483,14,1,0
4483,15,1,0
4483,19,1,1
4484,14,1,0
4485,14,1,0
4486,14,1,0
4487,14,1,0
4488,14,1,0
4489,15,1,0
4490,15,1,0
4491,15,1,0
4492,15,1,0
4493,15,1,0
4493,19,1,0
4494,15,1,1
4495,16,1,0
4496,16,1,0
4496,22,1,1
4497,17,1,0
4498,17,1,1
4499,17,1,0
4500,17,1,0
4501,17,1,0
4502,18,1,0
4503,18,1,1
4504,18,1,0
4505,18,1,1
4506,18,1,0
4507,18,1,0
4508,1,1,0
4509,1,1,0
4509,3,1,0
4510,1,1,0
4510,4,1,0
4511,1,1,0
4511,2,1,1
4512,1,1,1
4513,2,1,0
4513,3,1,0
4514,2,1,0
4515,2,1,0
4516,2,1,0
4517,3,1,0
4518,3,1,1
4519,3,1,0
4519,4,1,0
4520,4,1,1
4521,4,1,0
4522,4,1,0
4523,6,1,0
4524,6,1,0
4525,6,1,0
4525,7,1,0
4525,16,1,0
4526,6,1,0
4527,6,1,0
4527,9,1,0
4527,14,1,0
4527,16,1,1
4527,19,1,0
4527,22,1,0
4527,22,2,1
4528,6,1,1
4528,12,1,1
4528,14,1,0
4528,16,1,0
4528,19,1,0
4529,6,1,0
4530,6,1,0
4530,14,1,0
4531,6,1,0
4531,14,1,0
4532,6,1,0
4532,15,1,0
4533,6,1,0
4534,6,1,0
4535,7,1,1
4535,9,1,0
4535,12,1,0
4535,16,1,0
4536,7,1,0
4537,7,1,1
4537,9,1,0
4537,16,1,0
4537,22,1,0
4537,22,2,1
4538,9,1,1
4538,12,1,0
4538,16,1,0
4538,22,1,0
4539,9,1,0
4539,16,1,0
4539,22,1,0
4540,12,1,0
4540,16,1,0
4540,22,1,0
4541,12,1,0
4541,14,1,1
4541,16,1,0
4541,19,1,0
4541,22,1,0
4542,14,1,0
4542,19,1,1
4543,14,1,0
4543,16,1,0
4543,19,1,0
4543,22,1,0
4544,14,1,0
4545,14,1,0
4545,19,1,0
4546,14,1,0
4547,14,1,0
4548,14,1,0
4549,14,1,0
4550,14,1,0
4551,15,1,0
4552,15,1,1
4553,15,1,0
4554,15,1,0
4555,17,1,0
4556,17,1,0
4557,17,1,1
4558,18,1,0
4559,18,1,1
4560,18,1,0
4561,18,1,0
4562,18,1,1
4563,18,1,0
4564,18,1,0
4565,18,1,0
4566,18,1,1
4567,19,1,0
4568,19,1,0
4569,19,1,0
4570,19,1,0
4571,22,1,0
4572,1,1,0
4573,1,1,0
4573,4,1,0
4574,1,1,1
4575,1,1,0
4575,2,1,0
4575,3,1,0
4575,4,1,0
4576,1,1,0
4577,2,1,1
4578,2,1,0
4579,2,1,0
4579,3,1,0
4580,2,1,0
4581,3,1,0
4582,3,1,0
4583,3,1,1
4584,4,1,0
4585,4,1,0
4586,4,1,1
4587,6,1,0
4587,7,1,1
4587,12,1,1
4587,14,1,1
4587,16,1,0
4588,6,1,1
4588,9,1,0
4588,16,1,0
4588,19,1,0
4588,22,1,0
4589,6,1,0
4589,9,1,0
4589,12,1,0
4589,16,1,1
4589,22,1,0
4590,6,1,0
4590,12,1,0
4591,6,1,0
4592,6,1,0
4592,16,1,0
4593,6,1,0
4593,14,1,0
4594,7,1,0
4594,14,1,0
4595,7,1,0
4596,7,1,1
4596,14,1,0
4597,9,1,1
4597,16,1,0
4597,19,1,0
4597,22,1,0
4598,9,1,0
4598,22,1,0
4599,9,1,0
4599,16,1,0
4599,19,1,1
4599,22,1,0
4600,12,1,0
4601,12,1,0
4601,16,1,0
4602,12,1,0
4603,14,1,0
4603,19,1,0
4604,15,1,0
4605,15,1,0
4606,15,1,0
4607,15,1,0
4608,15,1,1
4609,15,1,0
4610,16,1,0
4611,16,1,0
4611,22,1,1
4611,22,2,1
4612,16,1,0
4612,19,1,0
4612,22,1,0
4613,17,1,1
4614,17,1,0
4615,17,1,0
4616,18,1,1
4617,18,1,0
4618,18,1,0
4619,18,1,1
4620,18,1,0
4621,18,1,0
4622,18,1,0
4623,18,1,0
4624,18,1,1
4625,19,1,0
4626,19,1,0
4627,19,1,0
4628,19,1,0
4629,22,1,0
4630,22,1,0
4631,1,1,0
4631,1,2,0
4631,1,3,0
4632,1,1,1
4633,1,1,0
4634,3,1,0
4635,3,1,0
4636,3,1,1
4637,3,1,0
4638,3,1,0
4639,3,1,0
4640,6,1,1
4640,19,1,0
4641,6,1,0
4641,9,1,0
4641,12,1,0
4641,16,1,0
4641,19,1,0
4641,22,1,0
4642,6,1,0
4642,15,1,0
4642,16,1,0
4643,7,1,0
4644,7,1,0
4645,7,1,0
4645,12,1,0
4645,16,1,0
4646,7,1,1
4646,12,1,1
4646,16,1,0
4647,9,1,0
4647,14,1,0
4647,16,1,0
4647,19,1,0
4647,22,1,0
4648,9,1,1
4648,12,1,0
4648,14,1,1
4648,16,1,0
4648,22,1,1
4649,9,1,0
4649,12,1,0
4649,14,1,0
4649,16,1,1
4649,22,1,0
4650,12,1,0
4650,16,1,0
4651,14,1,0
4652,15,1,0
4653,15,1,1
4654,16,1,0
4655,16,1,0
4655,22,1,0
4656,16,1,0
4656,19,1,1
4657,16,1,0
4658,17,1,0
4659,17,1,1
4660,17,1,0
4661,18,1,1
4662,18,1,0
4663,18,1,0
4664,18,1,0
4665,18,1,0
4666,18,1,1
4667,19,1,0
4668,19,1,0
4669,19,1,0
4670,19,1,0
4671,19,1,0
4672,22,1,0
4673,22,1,0
4674,22,1,1
4675,1,1,1
4675,3,1,1
4676,1,1,0
4677,1,1,0
4678,3,1,0
4679,3,1,0
4680,3,1,0
4681,6,1,0
4681,7,1,0
4681,19,1,0
4682,6,1,0
4682,14,1,0
4682,15,1,1
4682,16,1,0
4682,19,1,0
4683,6,1,1
4684,7,1,1
4684,12,1,0
4684,16,1,0
4684,19,1,0
4685,7,1,0
4686,9,1,1
4686,16,1,1
4686,22,1,1
4687,9,1,0
4687,12,1,0
4687,14,1,1
4687,16,1,0
4687,19,1,1
4688,9,1,0
4688,16,1,0
4688,22,1,0
4689,12,1,1
4690,14,1,0
4691,15,1,0
4692,15,1,0
4693,16,1,0
4694,16,1,0
4694,19,1,0
4695,16,1,0
4696,16,1,0
4697,16,1,0
4697,19,1,0
4698,16,1,0
4698,19,1,0
4698,22,1,0
4699,16,1,0
4699,19,1,0
4700,17,1,0
4701,17,1,0
4702,17,1,1
4703,18,1,1
4704,18,1,0
4705,18,1,0
4706,18,1,0
4707,18,1,1
4708,18,1,0
4709,22,1,0
4710,22,1,1
4711,22,1,0
4712,1,1,0
4713,1,1,1
4714,1,1,0
4715,3,1,1
4716,3,1,0
4717,3,1,0
4718,6,1,1
4718,9,1,1
4718,16,1,1
4719,6,1,0
4719,7,1,1
4719,16,1,0
4719,19,1,1
4720,6,1,0
4721,7,1,0
4722,7,1,0
4723,9,1,0
4723,16,1,0
4723,22,1,0
4724,9,1,0
4724,16,1,0
4724,22,1,1
4725,16,1,0
4725,19,1,0
4726,16,1,0
4726,19,1,0
4727,16,1,0
4728,16,1,0
4729,16,1,0
4730,16,1,0
4730,22,1,0
4731,17,1,0
4732,17,1,0
4733,17,1,1
4734,18,1,0
4735,18,1,0
4736,18,1,1
4737,18,1,1
4738,18,1,0
4739,18,1,0
4740,19,1,0
4741,22,1,1
4742,22,1,0
4743,22,1,0
4744,1,1,1
4745,1,1,0
4745,3,1,0
4746,1,1,1
4747,3,1,0
4748,3,1,1
4749,6,1,0
4750,6,1,0
4750,7,1,0
4750,16,1,0
4750,22,1,0
4751,6,1,1
4752,7,1,0
4752,22,1,0
4753,7,1,1
4753,9,1,0
4753,16,1,0
4754,9,1,1
4754,16,1,0
4754,22,1,1
4755,9,1,0
4755,16,1,0
4755,22,1,1
4756,16,1,0
4757,16,1,1
4758,16,1,0
4759,16,1,0
4760,17,1,1
4761,17,1,0
4762,17,1,0
4763,18,1,0
4764,18,1,1
4765,18,1,0
4766,18,1,0
4767,18,1,0
4768,18,1,0
4769,18,1,1
4770,22,1,0
4771,22,1,0
4772,22,1,0
4773,1,1,1
4773,3,1,0
4774,1,1,0
4775,1,1,0
4775,3,1,0
4776,1,1,0
4777,1,1,0
4778,3,1,0
4779,3,1,1
4780,3,1,0
4781,6,1,1
4781,7,1,0
4781,9,1,0
4781,16,1,1
4781,22,1,1
4782,6,1,0
4783,6,1,0
4783,7,1,0
4783,9,1,0
4784,6,1,0
4784,7,1,0
4785,6,1,0
4786,7,1,0
4787,7,1,1
4788,9,1,0
4789,9,1,0
4789,16,1,0
4790,9,1,1
4790,16,1,0
4790,22,1,0
4791,16,1,0
4792,16,1,0
4793,22,1,0
4794,22,1,0
4795,22,1,0
4796,22,1,1
4797,22,1,0
4798,22,1,0
4799,22,1,0
4800,22,1,0
4801,1,1,1
4802,1,1,0
4803,1,1,0
4804,1,1,0
4805,1,1,0
4806,1,1,0
4807,3,1,0
4808,3,1,0
4809,3,1,0
4810,3,1,1
4811,3,1,0
4812,3,1,0
4813,6,1,0
4814,6,1,1
4815,6,1,0
4815,7,1,0
4815,16,1,0
4815,19,1,0
4816,6,1,0
4817,6,1,0
4818,7,1,0
4818,16,1,1
4818,22,1,0
4819,7,1,0
4820,7,1,0
4821,7,1,1
4822,9,1,0
4823,9,1,0
4824,9,1,0
4825,9,1,1
4826,9,1,0
4827,16,1,0
4827,19,1,1
4827,22,1,1
4828,16,1,0
4828,22,1,0
4829,16,1,0
4829,22,1,0
4830,19,1,0
4831,19,1,0
4832,19,1,0
4833,22,1,0
4834,1,1,0
4835,1,1,1
4836,1,1,0
4837,1,1,0
4838,1,1,0
4839,3,1,0
4840,3,1,0
4841,3,1,0
4842,3,1,0
4843,3,1,0
4844,3,1,1
4845,6,1,0
4846,6,1,1
4847,6,1,0
4848,6,1,0
4849,6,1,0
4850,7,1,0
4851,7,1,1
4852,7,1,0
4853,7,1,0
4854,7,1,0
4855,9,1,0
4856,9,1,0
4857,9,1,0
4858,9,1,1
4858,9,2,0
4859,9,1,0
4860,16,1,0
4861,16,1,0
4862,16,1,0
4862,16,2,1
4863,16,1,0
4864,22,1,0
4865,22,1,0
4866,22,1,0
4866,22,2,1
4867,22,1,0
4868,22,1,0
4869,1,1,0
4870,1,1,1
4871,1,1,1
4871,9,1,1
4871,22,1,1
4872,3,1,0
4873,3,1,1
4874,3,1,0
4875,6,1,0
4876,6,1,1
4877,6,1,0
4878,7,1,0
4879,7,1,1
4880,7,1,1
4881,9,1,1
4882,9,1,0
4883,9,1,1
4884,9,1,0
4885,9,1,0
4886,16,1,0
4887,16,1,0
4888,16,1,1
4889,22,1,0
4890,22,1,0
4891,22,1,1
4892,22,1,0
4893,22,1,1
4894,22,1,0
